"id","id_country","nb_athlete","id_jo"
0,164,29,15
1,164,40,22
2,35,98,22
3,212,10,22
4,109,21,22
5,166,44,22
6,115,162,22
7,112,23,22
8,215,134,22
9,157,37,22
10,45,9,22
11,172,40,22
12,21,101,22
13,10,92,22
14,13,30,15
15,143,69,22
16,41,85,22
17,174,185,22
18,80,238,22
19,234,253,22
20,88,13,22
21,87,294,22
22,75,10,22
23,149,47,22
24,231,10,22
25,27,5,22
26,119,27,22
27,215,47,15
28,239,34,22
29,57,12,22
30,79,117,22
31,115,41,15
32,227,49,22
33,238,79,15
34,160,12,22
35,226,42,22
36,79,48,15
37,209,144,22
38,104,184,22
39,113,28,15
40,171,31,22
41,216,149,22
42,175,65,22
43,16,13,22
44,113,280,22
45,155,110,22
46,31,72,22
47,108,23,22
48,238,292,22
49,13,189,22
50,242,36,22
51,87,74,15
52,125,19,22
53,178,35,22
54,180,98,22
55,10,6,15
56,64,100,22
57,41,44,15
58,51,16,22
59,131,52,22
60,220,116,22
61,106,45,22
62,90,48,22
63,80,26,15
64,99,5,22
65,216,21,15
66,209,4,15
67,219,20,22
68,110,49,22
69,206,55,22
70,14,103,22
71,176,27,22
72,104,3,15
73,145,11,22
74,105,4,15
75,14,26,15
76,174,13,15
77,45,5,15
78,107,22,22
79,137,10,22
80,155,7,15
81,129,5,22
82,168,6,22
83,192,9,22
84,157,4,15
85,0,27,22
86,47,4,22
87,178,7,15
88,151,10,22
89,234,17,15
90,210,5,22
91,248,4,22
92,24,9,22
93,227,2,15
94,35,7,15
95,1,12,22
96,206,4,15
97,105,9,22
98,129,3,15
99,125,2,15
100,127,4,22
101,100,1,22
102,78,2,22
103,64,1,15
104,164,58,16
105,109,13,25
106,69,73,25
107,113,61,16
108,235,4,25
109,166,41,25
110,215,94,25
111,171,31,25
112,115,328,25
113,88,33,25
114,61,9,25
115,10,102,25
116,35,63,25
117,234,204,25
118,215,57,16
119,31,61,25
120,87,337,25
121,149,20,25
122,216,72,16
123,176,32,25
124,108,4,16
125,119,37,25
126,108,62,25
127,113,168,25
128,104,182,25
129,10,12,16
130,209,51,25
131,143,94,25
132,13,243,25
133,160,18,25
134,164,26,25
135,14,56,25
136,80,138,25
137,227,23,25
138,238,90,16
139,41,55,16
140,106,53,25
141,134,61,25
142,79,89,25
143,216,66,25
144,175,20,25
145,41,115,25
146,75,12,25
147,172,47,25
148,238,346,25
149,21,61,25
150,239,23,25
151,104,28,16
152,155,125,25
153,87,96,16
154,231,13,25
155,178,154,25
156,39,13,25
157,62,13,16
158,64,60,25
159,110,25,25
160,180,138,25
161,180,27,16
162,234,36,16
163,174,140,25
164,35,7,16
165,131,12,25
166,220,31,16
167,157,64,25
168,1,8,25
169,125,5,25
170,51,20,25
171,80,24,16
172,219,54,25
173,112,10,25
174,14,83,16
175,115,47,16
176,226,9,25
177,247,12,25
178,225,13,25
179,220,75,25
180,146,21,25
181,146,13,16
182,248,29,25
183,55,2,25
184,145,1,25
185,151,11,25
186,105,5,16
187,79,51,16
188,57,27,25
189,125,4,16
190,174,51,16
191,45,5,16
192,27,4,25
193,21,8,16
194,242,16,25
195,114,21,25
196,13,5,16
197,129,2,25
198,106,1,16
199,210,6,25
200,136,2,25
201,168,10,25
202,64,2,16
203,47,39,25
204,0,40,25
205,178,7,16
206,16,11,25
207,24,4,25
208,159,1,25
209,155,6,16
210,227,5,16
211,196,12,25
212,99,1,25
213,53,2,25
214,90,18,25
215,45,14,25
216,209,6,16
217,129,6,16
218,105,4,25
219,154,6,25
220,44,2,25
221,26,1,25
222,127,1,25
223,90,3,16
224,3,1,25
225,40,1,25
226,132,3,25
227,67,1,25
228,164,46,19
229,40,5,19
230,143,275,19
231,113,47,27
232,212,5,19
233,134,31,19
234,160,36,19
235,172,49,19
236,115,171,19
237,10,89,19
238,125,11,19
239,69,30,19
240,80,200,19
241,175,20,19
242,171,28,19
243,227,29,19
244,70,60,19
245,234,225,19
246,155,107,19
247,88,31,19
248,35,112,19
249,176,58,19
250,209,20,27
251,168,16,19
252,55,18,19
253,149,25,19
254,239,27,19
255,166,15,19
256,79,66,19
257,14,43,19
258,215,100,19
259,115,61,27
260,109,3,19
261,227,11,27
262,209,122,19
263,113,167,19
264,16,16,19
265,95,48,19
266,57,115,19
267,75,18,19
268,31,76,19
269,180,82,19
270,90,44,19
271,104,167,19
272,238,357,19
273,238,96,27
274,104,10,27
275,216,85,19
276,174,177,19
277,99,5,19
278,178,54,19
279,68,15,19
280,14,76,27
281,164,65,27
282,64,64,19
283,22,7,19
284,13,128,19
285,215,68,27
286,90,3,27
287,234,38,27
288,41,139,19
289,35,6,27
290,220,69,19
291,220,30,27
292,27,5,19
293,157,52,19
294,108,14,19
295,149,5,27
296,51,43,19
297,80,75,27
298,41,70,27
299,225,19,19
300,158,11,19
301,119,39,19
302,26,4,19
303,219,41,19
304,45,21,19
305,226,7,19
306,1,5,19
307,155,9,27
308,174,31,27
309,21,82,19
310,136,2,19
311,217,2,19
312,110,31,19
313,108,4,27
314,97,15,19
315,112,29,19
316,103,6,19
317,180,30,27
318,63,5,19
319,125,3,27
320,145,2,19
321,146,7,27
322,146,16,19
323,129,9,27
324,24,6,19
325,105,4,27
326,129,2,19
327,157,6,27
328,237,6,19
329,216,34,27
330,242,23,19
331,45,4,27
332,114,25,19
333,106,1,27
334,19,9,19
335,196,21,19
336,64,3,27
337,67,18,19
338,0,43,19
339,106,25,19
340,235,4,19
341,13,3,27
342,199,3,19
343,47,11,19
344,170,1,19
345,159,2,19
346,121,2,19
347,107,6,19
348,61,10,19
349,231,11,19
350,79,52,27
351,178,8,27
352,10,5,27
353,131,5,19
354,192,4,19
355,105,8,19
356,137,1,19
357,151,4,19
358,44,3,19
359,247,7,19
360,210,3,19
361,128,1,19
362,3,3,19
363,78,1,19
364,43,1,19
365,213,1,19
366,132,4,19
367,164,112,20
368,212,26,20
369,160,25,20
370,44,4,20
371,235,15,20
372,121,4,20
373,69,23,20
374,75,31,20
375,115,85,28
376,115,184,20
377,31,81,20
378,10,92,20
379,113,224,20
380,205,3,20
381,125,19,20
382,238,400,20
383,215,58,28
384,80,227,20
385,51,59,20
386,171,20,20
387,234,284,20
388,57,137,20
389,88,35,20
390,239,13,20
391,174,290,20
392,108,48,20
393,41,208,20
394,40,11,20
395,231,33,20
396,104,232,20
397,172,53,20
398,222,7,20
399,27,2,20
400,14,111,20
401,216,151,20
402,216,52,28
403,23,3,20
404,180,159,20
405,143,174,20
406,238,103,28
407,64,126,20
408,155,119,20
409,166,25,20
410,79,96,20
411,227,43,20
412,13,168,20
413,149,35,20
414,195,10,20
415,215,131,20
416,175,29,20
417,220,126,20
418,176,53,20
419,90,3,28
420,3,5,20
421,107,6,20
422,41,47,28
423,114,33,20
424,104,1,28
425,112,14,20
426,209,123,20
427,237,16,20
428,70,11,20
429,134,45,20
430,24,9,20
431,119,57,20
432,35,130,20
433,178,42,20
434,14,40,28
435,164,67,28
436,196,38,20
437,132,11,20
438,131,11,20
439,113,44,28
440,157,89,20
441,219,33,20
442,225,19,20
443,80,40,28
444,1,8,20
445,26,11,20
446,168,7,20
447,99,3,20
448,90,60,20
449,105,25,20
450,151,18,20
451,61,11,20
452,155,11,28
453,106,41,20
454,174,47,28
455,21,88,20
456,146,39,20
457,110,59,20
458,108,4,28
459,129,6,20
460,242,23,20
461,45,11,20
462,145,5,20
463,16,20,20
464,234,37,28
465,53,6,20
466,19,13,20
467,226,35,20
468,220,26,28
469,67,5,20
470,137,5,20
471,36,1,20
472,21,1,28
473,213,2,20
474,180,13,28
475,129,4,28
476,95,8,20
477,136,3,20
478,158,8,20
479,192,7,20
480,55,3,20
481,47,10,20
482,178,5,28
483,0,21,20
484,100,7,20
485,0,5,28
486,39,9,20
487,247,11,20
488,133,16,20
489,62,6,28
490,172,2,28
491,13,4,28
492,159,4,20
493,146,4,28
494,68,2,20
495,217,5,20
496,157,2,28
497,209,3,28
498,170,3,20
499,210,4,20
500,62,37,20
501,79,50,28
502,127,5,20
503,125,1,28
504,154,2,20
505,2,5,20
506,10,2,28
507,74,2,20
508,84,1,20
509,126,1,20
510,35,4,28
511,22,1,20
512,78,2,20
513,80,206,23
514,209,113,23
515,158,15,23
516,121,15,23
517,41,385,23
518,69,26,23
519,226,15,23
520,108,84,23
521,115,58,29
522,115,213,23
523,31,79,23
524,10,69,23
525,35,158,23
526,155,108,23
527,234,242,23
528,168,8,23
529,238,396,23
530,57,156,23
531,170,4,23
532,175,19,23
533,157,80,23
534,174,207,23
535,225,13,23
536,13,180,23
537,238,106,29
538,215,39,29
539,216,50,23
540,180,157,23
541,234,42,29
542,90,36,23
543,143,97,23
544,134,23,23
545,79,47,29
546,79,83,23
547,227,27,23
548,195,14,23
549,21,101,23
550,113,210,23
551,215,116,23
552,220,28,29
553,239,9,23
554,220,88,23
555,51,35,23
556,105,13,23
557,106,26,23
558,166,24,23
559,41,59,29
560,114,20,23
561,172,14,23
562,55,5,23
563,176,80,23
564,113,58,29
565,104,178,23
566,67,10,23
567,164,66,23
568,62,38,23
569,178,50,23
570,64,66,23
571,164,41,29
572,95,28,23
573,237,21,23
574,180,32,29
575,5,5,29
576,157,5,29
577,80,35,29
578,242,32,23
579,219,42,23
580,35,29,29
581,14,60,23
582,61,8,23
583,227,9,29
584,196,21,23
585,174,56,29
586,14,77,29
587,216,59,29
588,149,9,23
589,146,32,23
590,112,26,23
591,145,8,23
592,192,2,29
593,155,7,29
594,129,9,29
595,24,16,23
596,21,4,29
597,131,8,23
598,213,3,23
599,129,6,23
600,13,8,29
601,110,44,23
602,16,11,23
603,45,5,29
604,171,13,23
605,192,10,23
606,47,25,23
607,100,13,23
608,0,6,29
609,9,10,23
610,19,11,23
611,169,6,23
612,10,8,29
613,68,5,23
614,5,3,23
615,45,7,23
616,125,3,23
617,27,4,23
618,209,4,29
619,103,3,23
620,26,4,23
621,107,7,23
622,105,8,29
623,108,4,29
624,90,4,29
625,42,2,23
626,40,4,23
627,178,3,29
628,154,1,23
629,78,2,23
630,22,4,23
631,125,1,29
632,104,3,29
633,79,52,6
634,209,155,24
635,113,159,24
636,121,56,24
637,3,54,24
638,109,43,24
639,217,67,24
640,128,29,24
641,53,23,24
642,10,13,6
643,35,271,24
644,23,16,24
645,234,219,24
646,174,306,24
647,164,63,6
648,57,208,24
649,175,11,24
650,242,37,24
651,225,9,24
652,215,145,24
653,155,75,24
654,160,44,24
655,238,101,6
656,31,106,24
657,215,61,6
658,146,43,24
659,216,73,24
660,198,11,24
661,80,121,24
662,137,8,24
663,97,9,24
664,55,29,24
665,40,25,24
666,106,72,24
667,79,105,24
668,115,50,6
669,199,14,24
670,231,13,24
671,1,11,24
672,125,15,24
673,21,59,24
674,114,18,24
675,220,164,24
676,75,41,24
677,90,41,24
678,180,228,24
679,150,14,24
680,51,23,24
681,158,5,24
682,13,120,24
683,235,41,24
684,104,263,24
685,13,9,6
686,143,45,24
687,216,44,6
688,41,59,6
689,132,11,24
690,35,8,6
691,180,35,6
692,99,8,24
693,157,5,6
694,59,14,24
695,68,12,24
696,59,3,6
697,90,3,6
698,26,3,6
699,80,22,6
700,113,46,6
701,14,83,24
702,171,28,24
703,196,32,24
704,247,37,24
705,64,58,24
706,46,24,6
707,234,48,6
708,154,10,24
709,220,15,6
710,14,43,6
711,155,29,6
712,174,30,6
713,110,47,24
714,105,9,24
715,123,19,24
716,131,3,24
717,6,11,24
718,248,42,24
719,192,16,24
720,67,6,24
721,62,47,24
722,29,7,24
723,243,30,24
724,95,10,24
725,210,4,24
726,136,7,24
727,146,3,6
728,157,4,24
729,209,8,6
730,5,3,6
731,129,7,6
732,5,2,24
733,125,3,6
734,126,5,24
735,178,10,6
736,117,4,24
737,105,6,6
738,55,1,6
739,21,2,6
740,176,3,24
741,104,2,6
742,151,2,24
743,164,58,17
744,155,136,18
745,209,179,18
746,45,52,18
747,113,268,18
748,134,21,18
749,117,13,18
750,69,114,18
751,41,408,18
752,195,37,18
753,17,10,18
754,233,7,18
755,115,226,18
756,40,46,18
757,80,238,18
758,23,3,18
759,3,33,18
760,109,23,18
761,106,48,18
762,55,28,18
763,238,522,18
764,31,147,18
765,121,23,18
766,143,99,18
767,216,129,18
768,231,26,18
769,68,11,18
770,157,130,18
771,119,61,18
772,174,30,17
773,67,19,18
774,234,337,18
775,13,242,18
776,114,45,18
777,88,21,18
778,160,32,18
779,205,7,18
780,61,15,18
781,215,60,17
782,215,174,18
783,145,8,18
784,107,16,18
785,105,30,18
786,149,34,18
787,180,124,18
788,137,7,18
789,131,5,18
790,176,51,18
791,59,10,18
792,10,81,18
793,168,8,18
794,238,107,17
795,164,103,18
796,177,24,18
797,166,31,18
798,149,4,17
799,217,9,18
800,227,46,18
801,212,7,18
802,79,86,18
803,165,16,18
804,90,63,18
805,159,4,18
806,13,10,17
807,95,24,18
808,226,23,18
809,171,35,18
810,219,35,18
811,43,3,18
812,216,42,17
813,242,26,18
814,112,32,18
815,235,18,18
816,178,175,18
817,220,139,18
818,64,60,18
819,41,67,17
820,141,4,18
821,10,18,17
822,113,74,17
823,175,38,18
824,21,63,18
825,180,19,17
826,51,39,18
827,225,16,18
828,59,5,17
829,90,6,17
830,105,5,17
831,125,22,18
832,26,11,18
833,78,14,18
834,172,19,18
835,204,3,18
836,35,16,17
837,80,32,17
838,14,102,18
839,191,8,18
840,103,10,18
841,125,4,17
842,133,15,18
843,46,215,18
844,196,24,18
845,178,15,17
846,220,72,17
847,63,8,18
848,29,7,18
849,46,37,17
850,234,50,17
851,33,9,18
852,99,10,18
853,92,6,18
854,19,16,18
855,26,3,17
856,27,8,18
857,53,9,18
858,199,7,18
859,9,14,18
860,170,14,18
861,237,29,18
862,132,5,18
863,227,7,17
864,42,8,18
865,222,6,18
866,210,4,18
867,192,3,17
868,192,19,18
869,198,9,18
870,155,13,17
871,71,4,18
872,169,7,18
873,129,7,18
874,24,12,18
875,182,3,18
876,70,10,18
877,55,3,17
878,110,42,18
879,85,10,18
880,158,5,18
881,0,38,18
882,0,12,17
883,65,3,18
884,22,11,18
885,47,47,18
886,25,6,18
887,115,39,17
888,247,16,18
889,248,15,18
890,150,9,18
891,14,65,17
892,16,22,18
893,21,4,17
894,213,5,18
895,127,7,18
896,18,1,18
897,97,1,18
898,140,2,18
899,136,4,18
900,44,3,18
901,74,8,18
902,146,4,17
903,239,18,18
904,69,1,17
905,104,9,17
906,100,3,18
907,209,12,17
908,45,4,17
909,33,1,17
910,129,10,17
911,5,2,18
912,157,6,17
913,196,1,17
914,154,10,18
915,224,7,18
916,62,6,17
917,79,45,17
918,145,1,17
919,151,1,18
920,5,2,17
921,84,4,18
922,126,4,18
923,176,1,17
924,143,1,17
925,155,11,2
926,155,147,21
927,35,172,21
928,113,253,21
929,125,21,21
930,69,49,21
931,3,42,21
932,65,6,21
933,135,7,21
934,233,12,21
935,160,69,21
936,121,25,21
937,115,48,2
938,115,255,21
939,209,229,21
940,215,185,21
941,237,6,2
942,226,41,21
943,109,27,21
944,209,12,2
945,159,6,21
946,128,6,21
947,104,188,21
948,106,46,21
949,164,63,2
950,99,8,21
951,175,65,21
952,80,266,21
953,238,527,21
954,119,74,21
955,117,7,21
956,216,70,2
957,239,15,21
958,149,27,21
959,40,15,21
960,231,24,21
961,31,160,21
962,143,83,21
963,140,6,21
964,174,32,2
965,190,6,21
966,234,345,21
967,176,47,21
968,13,252,21
969,114,35,21
970,172,31,21
971,205,5,21
972,88,16,21
973,107,29,21
974,216,99,21
975,108,23,21
976,166,30,21
977,100,4,21
978,137,6,21
979,10,118,21
980,222,6,21
981,55,16,21
982,45,17,21
983,79,78,21
984,215,67,2
985,149,3,2
986,227,41,21
987,235,10,21
988,195,9,21
989,217,13,21
990,165,8,21
991,17,7,21
992,177,10,21
993,18,6,21
994,23,7,21
995,51,40,21
996,113,58,2
997,41,328,21
998,67,16,21
999,35,27,2
1000,90,56,21
1001,24,12,21
1002,191,11,21
1003,238,117,2
1004,80,68,2
1005,164,69,21
1006,143,11,2
1007,171,21,21
1008,134,9,21
1009,43,15,21
1010,220,155,21
1011,112,18,21
1012,63,15,21
1013,178,401,21
1014,90,6,2
1015,94,19,21
1016,157,83,21
1017,180,68,21
1018,103,8,21
1019,180,11,2
1020,212,8,21
1021,14,73,21
1022,21,59,21
1023,14,81,2
1024,95,28,21
1025,26,6,2
1026,105,32,21
1027,150,8,21
1028,176,9,2
1029,131,8,21
1030,10,15,2
1031,59,3,2
1032,234,48,2
1033,33,3,21
1034,78,23,21
1035,213,6,21
1036,19,17,21
1037,196,23,21
1038,47,48,21
1039,169,11,21
1040,70,6,21
1041,146,28,21
1042,59,9,21
1043,61,28,21
1044,133,16,21
1045,178,22,2
1046,97,6,21
1047,42,8,21
1048,237,22,21
1049,248,29,21
1050,174,143,21
1051,64,78,21
1052,94,1,2
1053,6,24,21
1054,154,16,21
1055,129,12,21
1056,145,9,21
1057,204,4,21
1058,26,7,21
1059,129,13,2
1060,41,112,2
1061,22,10,21
1062,53,7,21
1063,220,22,2
1064,175,5,2
1065,192,11,21
1066,145,3,2
1067,13,19,2
1068,127,8,21
1069,227,8,2
1070,79,53,2
1071,27,3,21
1072,170,10,21
1073,242,17,21
1074,210,6,21
1075,71,6,21
1076,84,2,21
1077,9,15,21
1078,95,6,2
1079,110,61,21
1080,247,29,21
1081,46,273,21
1082,136,6,21
1083,192,5,2
1084,27,2,2
1085,68,13,21
1086,0,61,21
1087,219,14,21
1088,225,6,21
1089,0,13,2
1090,141,8,21
1091,92,6,21
1092,16,16,21
1093,157,9,2
1094,1,5,21
1095,146,3,2
1096,85,6,21
1097,241,4,21
1098,243,9,21
1099,106,3,2
1100,168,6,21
1101,74,11,21
1102,199,12,21
1103,25,3,21
1104,64,1,2
1105,182,6,21
1106,104,5,2
1107,5,4,2
1108,4,6,21
1109,224,5,21
1110,12,8,21
1111,44,6,21
1112,29,8,21
1113,131,1,2
1114,5,3,21
1115,62,6,2
1116,114,4,2
1117,105,3,2
1118,46,13,2
1119,36,6,21
1120,54,7,21
1121,126,6,21
1122,151,2,21
1123,55,2,2
1124,45,5,2
1125,125,4,2
1126,172,1,2
1127,21,1,2
1128,78,1,2
1129,123,3,21
1130,46,244,0
1131,155,19,3
1132,238,148,3
1133,164,79,3
1134,79,88,0
1135,164,83,0
1136,73,37,0
1137,44,6,0
1138,57,176,0
1139,45,12,0
1140,104,217,0
1141,113,304,0
1142,166,27,0
1143,69,75,0
1144,3,35,0
1145,177,28,0
1146,65,8,0
1147,134,26,0
1148,109,8,0
1149,121,32,0
1150,115,256,0
1151,115,60,3
1152,75,20,0
1153,209,422,0
1154,215,73,3
1155,237,12,3
1156,61,13,0
1157,125,4,3
1158,106,52,0
1159,149,44,0
1160,175,90,0
1161,174,53,3
1162,216,74,3
1163,176,71,0
1164,51,49,0
1165,88,34,0
1166,143,102,0
1167,198,11,0
1168,234,371,0
1169,119,49,0
1170,174,201,0
1171,87,463,0
1172,13,279,0
1173,238,545,0
1174,80,339,0
1175,206,93,0
1176,87,111,3
1177,160,55,0
1178,31,182,0
1179,215,187,0
1180,216,102,0
1181,108,36,0
1182,23,6,0
1183,168,5,0
1184,10,84,0
1185,158,8,0
1186,222,6,0
1187,178,23,3
1188,128,5,0
1189,140,6,0
1190,149,12,3
1191,233,13,0
1192,17,10,0
1193,165,5,0
1194,217,8,0
1195,195,9,0
1196,246,8,0
1197,117,4,0
1198,56,39,0
1199,113,107,3
1200,41,295,0
1201,10,20,3
1202,35,138,0
1203,35,30,3
1204,237,25,0
1205,191,5,0
1206,80,109,3
1207,41,108,3
1208,19,17,0
1209,94,22,0
1210,172,26,0
1211,146,4,3
1212,170,27,0
1213,55,16,0
1214,143,20,3
1215,171,16,0
1216,176,6,3
1217,43,15,0
1218,199,11,0
1219,18,6,0
1220,210,11,0
1221,192,17,0
1222,112,30,0
1223,135,7,0
1224,63,17,0
1225,14,102,0
1226,178,226,0
1227,62,64,0
1228,90,8,3
1229,64,110,0
1230,157,134,0
1231,105,27,0
1232,180,173,0
1233,107,42,0
1234,71,7,0
1235,26,13,0
1236,124,23,3
1237,180,23,3
1238,31,7,3
1239,21,68,0
1240,14,58,3
1241,9,13,0
1242,67,32,0
1243,26,5,3
1244,59,4,3
1245,155,201,0
1246,90,70,0
1247,234,49,3
1248,125,12,0
1249,213,6,0
1250,227,41,0
1251,204,1,0
1252,196,20,0
1253,47,38,0
1254,95,14,0
1255,59,17,0
1256,220,25,3
1257,169,13,0
1258,146,33,0
1259,130,47,0
1260,97,8,0
1261,42,10,0
1262,103,10,0
1263,226,13,0
1264,104,24,3
1265,203,27,3
1266,124,34,0
1267,110,58,0
1268,5,8,0
1269,145,5,3
1270,203,35,0
1271,53,7,0
1272,64,6,3
1273,227,8,3
1274,2,7,0
1275,105,5,3
1276,114,36,0
1277,21,5,3
1278,79,62,3
1279,129,7,0
1280,78,18,0
1281,225,7,0
1282,219,46,0
1283,209,17,3
1284,84,5,0
1285,3,4,3
1286,24,20,0
1287,4,3,0
1288,129,7,3
1289,28,10,0
1290,235,9,0
1291,247,9,0
1292,68,13,0
1293,13,22,3
1294,6,28,0
1295,99,6,0
1296,27,2,3
1297,137,6,0
1298,0,31,0
1299,0,8,3
1300,62,20,3
1301,22,10,0
1302,46,32,3
1303,55,4,3
1304,239,16,0
1305,248,19,0
1306,106,2,3
1307,56,4,3
1308,141,13,0
1309,131,6,0
1310,157,6,3
1311,190,6,0
1312,136,5,0
1313,152,6,0
1314,27,4,0
1315,16,14,0
1316,243,7,0
1317,242,26,0
1318,145,2,0
1319,12,5,0
1320,29,6,0
1321,74,6,0
1322,130,6,3
1323,212,6,0
1324,192,3,3
1325,5,5,3
1326,150,6,0
1327,92,4,0
1328,241,6,0
1329,74,1,3
1330,131,1,3
1331,196,2,3
1332,114,5,3
1333,73,19,3
1334,36,4,0
1335,33,4,0
1336,100,7,0
1337,70,4,0
1338,159,3,0
1339,85,5,0
1340,25,6,0
1341,40,8,0
1342,123,6,0
1343,151,4,0
1344,224,5,0
1345,45,5,3
1346,231,8,0
1347,110,4,3
1348,126,6,0
1349,182,10,0
1350,133,4,0
1351,54,2,0
1352,103,1,3
1353,24,1,3
1354,132,13,0
1355,154,2,0
1356,172,1,3
1357,155,21,4
1358,238,148,4
1359,79,61,4
1360,164,87,4
1361,115,59,4
1362,237,8,4
1363,86,5,4
1364,181,113,4
1365,35,17,4
1366,87,112,4
1367,216,59,4
1368,60,63,4
1369,80,98,4
1370,178,21,4
1371,113,104,4
1372,64,4,4
1373,215,84,4
1374,11,2,4
1375,73,26,4
1376,176,5,4
1377,90,9,4
1378,209,13,4
1379,180,23,4
1380,105,5,4
1381,124,27,4
1382,14,80,4
1383,41,95,4
1384,28,10,4
1385,202,42,4
1386,232,37,4
1387,118,29,4
1388,13,25,4
1389,146,1,4
1390,10,10,4
1391,234,32,4
1392,104,16,4
1393,145,5,4
1394,21,5,4
1395,174,28,4
1396,240,7,4
1397,129,10,4
1398,0,2,4
1399,46,24,4
1400,157,7,4
1401,192,3,4
1402,20,33,4
1403,203,22,4
1404,130,6,4
1405,5,6,4
1406,59,1,4
1407,179,2,4
1408,131,1,4
1409,196,1,4
1410,225,2,4
1411,4,2,4
1412,45,3,4
1413,175,1,4
1414,206,2,4
1415,31,1,4
1416,56,3,4
1417,24,1,4
1418,78,1,4
1419,122,1,4
1420,112,1,4
1421,114,4,4
1422,143,1,4
1423,227,1,4
1424,79,76,8
1425,155,239,8
1426,164,97,8
1427,73,43,8
1428,227,53,8
1429,209,289,8
1430,113,340,8
1431,166,24,8
1432,41,303,8
1433,69,29,8
1434,128,5,8
1435,177,12,8
1436,52,4,8
1437,44,4,8
1438,134,35,8
1439,34,1,8
1440,233,4,8
1441,15,23,8
1442,240,71,8
1443,115,306,8
1444,40,15,8
1445,3,45,8
1446,61,11,8
1447,88,35,8
1448,238,648,8
1449,106,49,8
1450,86,34,8
1451,203,37,8
1452,175,107,8
1453,80,299,8
1454,242,39,8
1455,211,1,8
1456,118,96,8
1457,143,98,8
1458,149,34,8
1459,231,10,8
1460,87,466,8
1461,212,4,8
1462,90,121,8
1463,13,417,8
1464,205,4,8
1465,160,65,8
1466,213,7,8
1467,75,18,8
1468,217,7,8
1469,176,69,8
1470,31,221,8
1471,104,213,8
1472,232,231,8
1473,181,390,8
1474,56,84,8
1475,66,6,8
1476,100,7,8
1477,226,51,8
1478,23,5,8
1479,57,164,8
1480,158,26,8
1481,119,52,8
1482,234,300,8
1483,109,3,8
1484,10,179,8
1485,140,4,8
1486,206,84,8
1487,20,157,8
1488,169,11,8
1489,222,5,8
1490,64,119,8
1491,121,25,8
1492,195,29,8
1493,17,5,8
1494,165,4,8
1495,246,4,8
1496,117,5,8
1497,18,4,8
1498,215,177,8
1499,67,16,8
1500,130,61,8
1501,122,33,8
1502,112,25,8
1503,105,9,8
1504,65,5,8
1505,179,40,8
1506,110,78,8
1507,225,12,8
1508,98,3,8
1509,180,165,8
1510,199,14,8
1511,63,14,8
1512,192,7,8
1513,135,6,8
1514,123,5,8
1515,178,303,8
1516,46,294,8
1517,204,4,8
1518,157,95,8
1519,38,3,8
1520,59,17,8
1521,35,110,8
1522,103,7,8
1523,216,115,8
1524,114,46,8
1525,21,61,8
1526,51,48,8
1527,45,21,8
1528,107,40,8
1529,171,29,8
1530,71,5,8
1531,228,7,8
1532,33,7,8
1533,11,32,8
1534,198,9,8
1535,0,74,8
1536,193,2,8
1537,53,5,8
1538,60,115,8
1539,202,71,8
1540,190,8,8
1541,29,7,8
1542,187,6,8
1543,174,165,8
1544,42,9,8
1545,5,8,8
1546,239,14,8
1547,9,13,8
1548,186,10,8
1549,168,7,8
1550,14,72,8
1551,170,7,8
1552,146,16,8
1553,24,9,8
1554,141,26,8
1555,237,12,8
1556,152,8,8
1557,70,8,8
1558,94,8,8
1559,124,47,8
1560,43,5,8
1561,2,7,8
1562,210,9,8
1563,6,28,8
1564,248,13,8
1565,129,2,8
1566,95,26,8
1567,154,6,8
1568,78,17,8
1569,137,7,8
1570,218,8,8
1571,220,11,8
1572,84,7,8
1573,55,11,8
1574,172,12,8
1575,92,5,8
1576,4,7,8
1577,68,19,8
1578,26,8,8
1579,136,3,8
1580,243,6,8
1581,47,23,8
1582,219,37,8
1583,62,24,8
1584,247,8,8
1585,125,1,8
1586,16,26,8
1587,127,5,8
1588,19,13,8
1589,27,6,8
1590,28,9,8
1591,153,3,8
1592,196,11,8
1593,97,5,8
1594,145,3,8
1595,12,3,8
1596,99,7,8
1597,131,6,8
1598,85,9,8
1599,108,18,8
1600,22,5,8
1601,37,7,8
1602,191,5,8
1603,1,2,8
1604,224,5,8
1605,39,5,8
1606,235,7,8
1607,151,3,8
1608,182,4,8
1609,241,4,8
1610,150,3,8
1611,25,2,8
1612,36,5,8
1613,159,3,8
1614,126,9,8
1615,74,6,8
1616,133,2,8
1617,54,3,8
1618,132,11,8
1619,164,75,10
1620,73,20,10
1621,237,7,10
1622,80,106,10
1623,124,29,10
1624,86,4,10
1625,174,39,10
1626,216,69,10
1627,87,125,10
1628,60,61,10
1629,215,99,10
1630,178,37,10
1631,79,85,10
1632,181,122,10
1633,227,1,10
1634,113,113,10
1635,238,186,10
1636,20,59,10
1637,234,34,10
1638,176,6,10
1639,115,156,10
1640,46,57,10
1641,90,13,10
1642,41,144,10
1643,209,12,10
1644,15,4,10
1645,180,16,10
1646,118,60,10
1647,31,1,10
1648,14,96,10
1649,105,7,10
1650,232,56,10
1651,202,37,10
1652,104,17,10
1653,13,23,10
1654,130,7,10
1655,35,19,10
1656,146,3,10
1657,28,8,10
1658,157,8,10
1659,145,4,10
1660,64,12,10
1661,242,1,10
1662,119,1,10
1663,203,34,10
1664,155,22,10
1665,129,8,10
1666,179,2,10
1667,10,2,10
1668,112,3,10
1669,0,7,10
1670,240,4,10
1671,11,7,10
1672,220,3,10
1673,110,6,10
1674,5,3,10
1675,56,6,10
1676,45,3,10
1677,62,8,10
1678,114,6,10
1679,225,2,10
1680,206,2,10
1681,239,1,10
1682,106,1,10
1683,175,2,10
1684,131,1,10
1685,108,1,10
1686,24,1,10
1687,122,1,10
1688,59,1,10
1689,21,1,10
1690,79,70,7
1691,164,93,7
1692,155,231,7
1693,69,89,7
1694,10,143,7
1695,57,229,7
1696,40,34,7
1697,143,78,7
1698,113,361,7
1699,166,27,7
1700,15,31,7
1701,41,294,7
1702,238,586,7
1703,13,617,7
1704,121,29,7
1705,134,40,7
1706,34,2,7
1707,212,3,7
1708,17,4,7
1709,240,70,7
1710,115,266,7
1711,209,321,7
1712,75,26,7
1713,210,18,7
1714,217,8,7
1715,149,55,7
1716,215,150,7
1717,181,435,7
1718,117,8,7
1719,46,271,7
1720,87,422,7
1721,234,310,7
1722,231,13,7
1723,203,74,7
1724,227,57,7
1725,206,127,7
1726,88,22,7
1727,3,47,7
1728,213,4,7
1729,205,2,7
1730,128,3,7
1731,80,336,7
1732,167,5,7
1733,130,61,7
1734,31,198,7
1735,232,230,7
1736,108,33,7
1737,160,83,7
1738,90,140,7
1739,56,88,7
1740,66,4,7
1741,64,97,7
1742,6,30,7
1743,109,4,7
1744,135,4,7
1745,157,147,7
1746,171,21,7
1747,104,178,7
1748,61,14,7
1749,59,22,7
1750,118,130,7
1751,122,48,7
1752,18,5,7
1753,195,18,7
1754,177,17,7
1755,125,6,7
1756,165,6,7
1757,211,2,7
1758,246,2,7
1759,233,4,7
1760,180,145,7
1761,20,139,7
1762,225,19,7
1763,105,18,7
1764,159,4,7
1765,65,2,7
1766,202,108,7
1767,99,4,7
1768,114,48,7
1769,19,18,7
1770,242,50,7
1771,45,50,7
1772,14,92,7
1773,107,47,7
1774,16,25,7
1775,192,4,7
1776,150,4,7
1777,175,61,7
1778,60,119,7
1779,106,65,7
1780,35,91,7
1781,216,102,7
1782,21,68,7
1783,137,7,7
1784,131,7,7
1785,98,3,7
1786,226,47,7
1787,86,36,7
1788,72,3,7
1789,228,8,7
1790,132,11,7
1791,141,20,7
1792,73,33,7
1793,112,39,7
1794,11,25,7
1795,119,56,7
1796,146,20,7
1797,178,281,7
1798,97,6,7
1799,53,5,7
1800,174,187,7
1801,190,4,7
1802,222,3,7
1803,68,10,7
1804,198,9,7
1805,239,15,7
1806,71,4,7
1807,9,3,7
1808,29,7,7
1809,186,2,7
1810,168,6,7
1811,52,2,7
1812,235,4,7
1813,51,44,7
1814,237,9,7
1815,199,3,7
1816,124,45,7
1817,5,5,7
1818,145,4,7
1819,74,6,7
1820,12,5,7
1821,179,34,7
1822,248,16,7
1823,55,7,7
1824,95,15,7
1825,154,5,7
1826,169,5,7
1827,220,10,7
1828,84,5,7
1829,110,64,7
1830,172,20,7
1831,24,6,7
1832,176,29,7
1833,247,8,7
1834,67,13,7
1835,26,5,7
1836,136,5,7
1837,170,5,7
1838,103,20,7
1839,62,31,7
1840,47,31,7
1841,0,55,7
1842,151,7,7
1843,133,2,7
1844,94,7,7
1845,25,2,7
1846,219,52,7
1847,196,26,7
1848,100,5,7
1849,33,1,7
1850,43,3,7
1851,127,8,7
1852,158,6,7
1853,23,4,7
1854,27,7,7
1855,140,2,7
1856,70,8,7
1857,38,2,7
1858,218,4,7
1859,28,9,7
1860,85,2,7
1861,129,2,7
1862,152,11,7
1863,182,5,7
1864,193,2,7
1865,37,6,7
1866,39,4,7
1867,187,5,7
1868,204,2,7
1869,92,3,7
1870,191,5,7
1871,22,2,7
1872,63,2,7
1873,241,3,7
1874,126,6,7
1875,123,3,7
1876,224,3,7
1877,2,4,7
1878,243,7,7
1879,42,3,7
1880,144,5,7
1881,4,4,7
1882,44,2,7
1883,78,7,7
1884,36,4,7
1885,153,2,7
1886,54,2,7
1887,79,98,5
1888,164,77,5
1889,73,17,5
1890,237,8,5
1891,232,68,5
1892,174,27,5
1893,87,157,5
1894,181,151,5
1895,216,110,5
1896,234,49,5
1897,118,50,5
1898,225,3,5
1899,215,102,5
1900,80,114,5
1901,86,4,5
1902,227,3,5
1903,238,202,5
1904,41,150,5
1905,14,90,5
1906,11,9,5
1907,178,46,5
1908,46,66,5
1909,20,64,5
1910,180,21,5
1911,113,109,5
1912,5,3,5
1913,31,10,5
1914,10,11,5
1915,124,47,5
1916,115,103,5
1917,202,49,5
1918,60,76,5
1919,90,10,5
1920,104,25,5
1921,130,8,5
1922,45,6,5
1923,35,23,5
1924,146,4,5
1925,13,25,5
1926,28,2,5
1927,155,27,5
1928,112,5,5
1929,64,11,5
1930,105,6,5
1931,242,4,5
1932,119,1,5
1933,203,40,5
1934,114,2,5
1935,129,8,5
1936,179,5,5
1937,145,5,5
1938,143,3,5
1939,0,6,5
1940,122,2,5
1941,157,10,5
1942,21,6,5
1943,220,2,5
1944,110,6,5
1945,56,13,5
1946,218,1,5
1947,209,7,5
1948,15,4,5
1949,125,2,5
1950,192,1,5
1951,206,1,5
1952,108,2,5
1953,106,1,5
1954,154,1,5
1955,59,1,5
1956,55,1,5
1957,240,6,5
1958,40,1,5
1959,219,1,5
1960,47,2,5
1961,24,1,5
1962,78,1,5
1963,164,52,14
1964,73,42,14
1965,20,151,14
1966,90,426,14
1967,238,533,14
1968,181,446,14
1969,80,308,14
1970,158,5,14
1971,109,24,14
1972,177,15,14
1973,166,26,14
1974,69,97,14
1975,13,470,14
1976,107,38,14
1977,15,36,14
1978,240,69,14
1979,218,9,14
1980,122,29,14
1981,115,306,14
1982,209,316,14
1983,227,64,14
1984,136,21,14
1985,215,115,14
1986,31,243,14
1987,117,8,14
1988,212,4,14
1989,211,3,14
1990,128,8,14
1991,205,2,14
1992,143,109,14
1993,106,73,14
1994,234,264,14
1995,87,441,14
1996,157,148,14
1997,130,59,14
1998,155,210,14
1999,232,239,14
2000,75,26,14
2001,113,364,14
2002,3,61,14
2003,11,18,14
2004,137,7,14
2005,57,151,14
2006,22,2,14
2007,176,43,14
2008,149,55,14
2009,79,53,14
2010,46,383,14
2011,10,152,14
2012,24,10,14
2013,118,114,14
2014,231,11,14
2015,104,209,14
2016,191,3,14
2017,59,20,14
2018,108,37,14
2019,18,4,14
2020,160,70,14
2021,217,6,14
2022,246,3,14
2023,195,16,14
2024,125,5,14
2025,121,11,14
2026,233,4,14
2027,17,10,14
2028,165,2,14
2029,23,4,14
2030,159,4,14
2031,35,95,14
2032,225,19,14
2033,41,262,14
2034,105,26,14
2035,43,4,14
2036,135,4,14
2037,216,98,14
2038,14,74,14
2039,114,47,14
2040,19,10,14
2041,61,5,14
2042,6,30,14
2043,175,81,14
2044,242,48,14
2045,221,2,14
2046,152,8,14
2047,16,22,14
2048,192,5,14
2049,178,264,14
2050,34,1,14
2051,56,81,14
2052,64,92,14
2053,51,53,14
2054,132,8,14
2055,60,142,14
2056,146,20,14
2057,88,26,14
2058,180,108,14
2059,123,5,14
2060,110,46,14
2061,95,18,14
2062,67,33,14
2063,45,22,14
2064,55,20,14
2065,112,36,14
2066,86,32,14
2067,248,12,14
2068,92,5,14
2069,40,17,14
2070,198,9,14
2071,226,54,14
2072,1,5,14
2073,202,64,14
2074,203,79,14
2075,63,4,14
2076,196,15,14
2077,134,26,14
2078,154,6,14
2079,9,5,14
2080,53,5,14
2081,174,194,14
2082,199,2,14
2083,103,5,14
2084,119,46,14
2085,170,22,14
2086,206,106,14
2087,29,11,14
2088,228,9,14
2089,235,8,14
2090,21,50,14
2091,5,6,14
2092,100,8,14
2093,84,5,14
2094,12,4,14
2095,179,33,14
2096,171,12,14
2097,169,4,14
2098,144,5,14
2099,219,42,14
2100,222,3,14
2101,172,16,14
2102,141,9,14
2103,78,8,14
2104,99,4,14
2105,68,16,14
2106,98,3,14
2107,71,2,14
2108,124,32,14
2109,47,32,14
2110,0,88,14
2111,247,6,14
2112,133,4,14
2113,25,2,14
2114,62,36,14
2115,94,4,14
2116,2,7,14
2117,239,15,14
2118,186,2,14
2119,210,7,14
2120,168,4,14
2121,150,4,14
2122,33,1,14
2123,193,2,14
2124,213,4,14
2125,26,7,14
2126,131,10,14
2127,190,3,14
2128,153,3,14
2129,145,3,14
2130,97,3,14
2131,70,7,14
2132,182,5,14
2133,52,3,14
2134,74,3,14
2135,243,11,14
2136,237,6,14
2137,28,9,14
2138,167,4,14
2139,42,5,14
2140,38,3,14
2141,37,7,14
2142,129,1,14
2143,187,2,14
2144,27,3,14
2145,72,4,14
2146,54,3,14
2147,224,5,14
2148,39,4,14
2149,220,10,14
2150,66,2,14
2151,140,2,14
2152,241,2,14
2153,204,2,14
2154,4,3,14
2155,126,3,14
2156,120,3,14
2157,44,1,14
2158,151,2,14
2159,85,2,14
2160,36,5,14
2161,127,2,14
2162,164,67,11
2163,232,52,11
2164,86,3,11
2165,181,174,11
2166,56,23,11
2167,87,155,11
2168,41,191,11
2169,216,125,11
2170,240,4,11
2171,238,204,11
2172,10,9,11
2173,79,90,11
2174,106,4,11
2175,234,39,11
2176,118,55,11
2177,215,106,11
2178,13,40,11
2179,113,179,11
2180,80,82,11
2181,178,40,11
2182,46,73,11
2183,20,28,11
2184,115,110,11
2185,124,57,11
2186,45,9,11
2187,125,3,11
2188,180,25,11
2189,5,3,11
2190,31,9,11
2191,209,16,11
2192,227,6,11
2193,11,5,11
2194,202,58,11
2195,60,83,11
2196,203,36,11
2197,35,21,11
2198,157,15,11
2199,3,2,11
2200,14,73,11
2201,105,5,11
2202,174,45,11
2203,119,1,11
2204,122,1,11
2205,73,26,11
2206,155,33,11
2207,206,3,11
2208,145,4,11
2209,179,6,11
2210,129,5,11
2211,192,1,11
2212,112,5,11
2213,110,4,11
2214,28,6,11
2215,220,3,11
2216,104,19,11
2217,21,4,11
2218,90,5,11
2219,130,7,11
2220,218,1,11
2221,64,4,11
2222,146,2,11
2223,15,2,11
2224,62,6,11
2225,47,1,11
2226,242,1,11
2227,59,1,11
2228,55,1,11
2229,0,1,11
2230,131,1,11
2231,108,2,11
2232,219,1,11
2233,132,1,11
2234,196,1,11
2235,154,1,11
2236,175,1,11
2237,24,1,11
2238,75,1,11
2239,2,1,11
2240,164,84,12
2241,73,47,12
2242,209,283,12
2243,181,454,12
2244,20,177,12
2245,80,309,12
2246,113,333,12
2247,166,21,12
2248,15,44,12
2249,13,432,12
2250,206,134,12
2251,41,332,12
2252,238,588,12
2253,149,47,12
2254,69,100,12
2255,72,10,12
2256,212,9,12
2257,3,56,12
2258,211,4,12
2259,109,4,12
2260,177,20,12
2261,122,20,12
2262,218,15,12
2263,115,332,12
2264,87,420,12
2265,227,67,12
2266,61,21,12
2267,118,130,12
2268,215,123,12
2269,175,77,12
2270,6,32,12
2271,108,54,12
2272,18,5,12
2273,160,74,12
2274,180,101,12
2275,242,108,12
2276,106,53,12
2277,234,304,12
2278,226,26,12
2279,10,132,12
2280,143,83,12
2281,57,158,12
2282,141,11,12
2283,174,257,12
2284,157,178,12
2285,127,3,12
2286,75,27,12
2287,154,8,12
2288,11,25,12
2289,155,237,12
2290,31,268,12
2291,232,243,12
2292,4,4,12
2293,21,94,12
2294,90,152,12
2295,14,70,12
2296,198,9,12
2297,67,24,12
2298,158,6,12
2299,170,7,12
2300,52,3,12
2301,152,10,12
2302,24,6,12
2303,191,6,12
2304,59,17,12
2305,119,46,12
2306,195,14,12
2307,121,8,12
2308,17,14,12
2309,217,7,12
2310,165,4,12
2311,246,5,12
2312,117,7,12
2313,233,8,12
2314,79,57,12
2315,114,50,12
2316,130,71,12
2317,35,70,12
2318,190,2,12
2319,159,4,12
2320,128,6,12
2321,40,32,12
2322,65,2,12
2323,28,5,12
2324,94,6,12
2325,56,99,12
2326,19,8,12
2327,45,26,12
2328,103,25,12
2329,51,67,12
2330,240,56,12
2331,16,25,12
2332,134,32,12
2333,88,9,12
2334,178,265,12
2335,62,58,12
2336,64,84,12
2337,132,6,12
2338,172,15,12
2339,60,134,12
2340,46,599,12
2341,228,10,12
2342,124,47,12
2343,110,55,12
2344,219,47,12
2345,95,12,12
2346,70,11,12
2347,225,28,12
2348,104,171,12
2349,105,27,12
2350,176,22,12
2351,216,83,12
2352,137,6,12
2353,47,34,12
2354,100,7,12
2355,112,43,12
2356,1,4,12
2357,196,15,12
2358,146,28,12
2359,136,17,12
2360,84,4,12
2361,68,25,12
2362,9,5,12
2363,53,5,12
2364,29,11,12
2365,248,13,12
2366,171,13,12
2367,237,7,12
2368,97,5,12
2369,202,57,12
2370,92,9,12
2371,231,11,12
2372,235,9,12
2373,187,4,12
2374,86,35,12
2375,2,11,12
2376,5,5,12
2377,197,87,12
2378,199,3,12
2379,131,13,12
2380,168,5,12
2381,169,7,12
2382,193,3,12
2383,43,3,12
2384,222,4,12
2385,203,61,12
2386,179,29,12
2387,55,8,12
2388,239,12,12
2389,192,4,12
2390,78,6,12
2391,99,4,12
2392,247,8,12
2393,26,7,12
2394,150,4,12
2395,140,2,12
2396,0,79,12
2397,133,4,12
2398,107,24,12
2399,123,4,12
2400,186,4,12
2401,38,2,12
2402,98,3,12
2403,144,5,12
2404,23,5,12
2405,27,3,12
2406,25,2,12
2407,153,1,12
2408,145,5,12
2409,182,4,12
2410,74,4,12
2411,243,13,12
2412,167,5,12
2413,230,3,12
2414,22,4,12
2415,42,4,12
2416,129,2,12
2417,125,6,12
2418,204,3,12
2419,33,2,12
2420,54,4,12
2421,39,4,12
2422,66,2,12
2423,135,4,12
2424,205,2,12
2425,85,3,12
2426,210,8,12
2427,241,3,12
2428,120,2,12
2429,63,5,12
2430,126,5,12
2431,151,6,12
2432,224,3,12
2433,71,3,12
2434,44,2,12
2435,220,7,12
2436,213,4,12
2437,36,6,12
2438,37,3,12
2439,12,2,12
2440,221,1,12
2441,166,1,26
2442,238,212,26
2443,232,45,26
2444,86,6,26
2445,20,47,26
2446,181,175,26
2447,125,3,26
2448,41,201,26
2449,87,149,26
2450,79,91,26
2451,234,52,26
2452,64,17,26
2453,35,19,26
2454,215,101,26
2455,13,40,26
2456,216,134,26
2457,80,104,26
2458,178,45,26
2459,164,95,26
2460,115,91,26
2461,180,28,26
2462,113,109,26
2463,124,53,26
2464,15,2,26
2465,118,37,26
2466,227,5,26
2467,149,1,26
2468,202,68,26
2469,60,90,26
2470,179,7,26
2471,45,3,26
2472,110,6,26
2473,203,47,26
2474,14,75,26
2475,104,15,26
2476,174,46,26
2477,105,4,26
2478,155,32,26
2479,157,16,26
2480,56,19,26
2481,129,4,26
2482,46,86,26
2483,171,3,26
2484,192,1,26
2485,209,18,26
2486,31,5,26
2487,145,3,26
2488,220,3,26
2489,90,7,26
2490,51,1,26
2491,218,1,26
2492,73,30,26
2493,146,2,26
2494,197,10,26
2495,10,7,26
2496,240,3,26
2497,5,6,26
2498,21,8,26
2499,47,1,26
2500,108,4,26
2501,28,5,26
2502,114,1,26
2503,106,3,26
2504,11,4,26
2505,3,1,26
2506,62,2,26
2507,206,2,26
2508,0,1,26
2509,24,1,26
2510,88,1,26
2511,130,6,26
2512,59,2,26
2513,112,3,26
2514,122,2,26
2515,196,1,26
2516,154,1,26
2517,175,1,26
2518,75,1,26
2519,2,1,26
2520,42,1,26
2521,143,1,26
2522,46,375,1
2523,80,324,1
2524,149,63,1
2525,181,429,1
2526,10,137,1
2527,113,281,1
2528,3,38,1
2529,166,21,1
2530,108,52,1
2531,69,109,1
2532,13,405,1
2533,238,530,1
2534,40,32,1
2535,109,8,1
2536,240,53,1
2537,15,52,1
2538,233,26,1
2539,122,14,1
2540,218,16,1
2541,41,273,1
2542,57,109,1
2543,209,278,1
2544,115,291,1
2545,160,49,1
2546,175,76,1
2547,216,98,1
2548,51,101,1
2549,75,33,1
2550,117,9,1
2551,211,5,1
2552,118,113,1
2553,234,530,1
2554,231,15,1
2555,226,83,1
2556,155,173,1
2557,143,99,1
2558,242,68,1
2559,174,210,1
2560,159,6,1
2561,186,4,1
2562,157,178,1
2563,87,383,1
2564,127,3,1
2565,72,12,1
2566,31,248,1
2567,215,133,1
2568,21,111,1
2569,134,29,1
2570,90,102,1
2571,180,105,1
2572,182,7,1
2573,222,6,1
2574,170,8,1
2575,239,27,1
2576,52,3,1
2577,107,22,1
2578,135,5,1
2579,23,5,1
2580,61,9,1
2581,152,9,1
2582,73,32,1
2583,225,25,1
2584,130,62,1
2585,232,230,1
2586,190,3,1
2587,227,112,1
2588,59,13,1
2589,195,18,1
2590,121,10,1
2591,177,12,1
2592,17,12,1
2593,246,4,1
2594,165,3,1
2595,212,6,1
2596,79,56,1
2597,78,9,1
2598,241,5,1
2599,114,45,1
2600,95,19,1
2601,176,25,1
2602,35,63,1
2603,11,24,1
2604,124,45,1
2605,197,116,1
2606,20,160,1
2607,33,2,1
2608,70,10,1
2609,132,7,1
2610,65,4,1
2611,56,107,1
2612,172,11,1
2613,198,6,1
2614,19,6,1
2615,68,36,1
2616,6,33,1
2617,164,61,1
2618,55,11,1
2619,14,70,1
2620,16,21,1
2621,29,4,1
2622,88,7,1
2623,62,52,1
2624,64,114,1
2625,119,47,1
2626,110,64,1
2627,146,29,1
2628,203,65,1
2629,167,5,1
2630,104,152,1
2631,106,81,1
2632,60,133,1
2633,206,124,1
2634,45,35,1
2635,219,37,1
2636,67,33,1
2637,171,16,1
2638,105,27,1
2639,112,37,1
2640,141,11,1
2641,179,20,1
2642,94,8,1
2643,47,41,1
2644,84,21,1
2645,151,6,1
2646,1,6,1
2647,196,31,1
2648,125,10,1
2649,178,250,1
2650,9,4,1
2651,53,7,1
2652,26,5,1
2653,145,6,1
2654,217,10,1
2655,97,4,1
2656,202,47,1
2657,99,6,1
2658,228,10,1
2659,187,4,1
2660,2,9,1
2661,103,25,1
2662,191,8,1
2663,5,6,1
2664,92,8,1
2665,37,6,1
2666,220,4,1
2667,86,34,1
2668,137,5,1
2669,43,6,1
2670,158,6,1
2671,54,8,1
2672,24,8,1
2673,18,5,1
2674,131,9,1
2675,150,6,1
2676,136,6,1
2677,168,8,1
2678,39,6,1
2679,0,44,1
2680,25,2,1
2681,247,7,1
2682,243,18,1
2683,85,2,1
2684,210,7,1
2685,248,7,1
2686,193,2,1
2687,98,4,1
2688,144,6,1
2689,120,3,1
2690,100,5,1
2691,153,2,1
2692,154,5,1
2693,128,4,1
2694,140,2,1
2695,71,2,1
2696,4,4,1
2697,205,2,1
2698,28,6,1
2699,224,3,1
2700,42,4,1
2701,66,2,1
2702,235,6,1
2703,192,4,1
2704,237,7,1
2705,74,3,1
2706,129,3,1
2707,12,4,1
2708,123,3,1
2709,169,8,1
2710,63,4,1
2711,36,5,1
2712,204,4,1
2713,230,3,1
2714,126,4,1
2715,34,3,1
2716,38,3,1
2717,22,3,1
2718,221,2,1
2719,44,2,1
2720,213,5,1
2721,199,2,1
2722,133,3,1
2723,79,99,9
2724,108,5,9
2725,238,222,9
2726,124,56,9
2727,86,4,9
2728,232,42,9
2729,20,26,9
2730,180,22,9
2731,115,109,9
2732,234,53,9
2733,80,107,9
2734,216,152,9
2735,21,7,9
2736,222,2,9
2737,227,6,9
2738,41,217,9
2739,113,110,9
2740,118,50,9
2741,145,5,9
2742,215,99,9
2743,13,60,9
2744,181,213,9
2745,87,151,9
2746,14,126,9
2747,35,18,9
2748,90,7,9
2749,174,58,9
2750,130,9,9
2751,105,5,9
2752,164,110,9
2753,46,62,9
2754,202,62,9
2755,60,87,9
2756,224,1,9
2757,10,7,9
2758,45,6,9
2759,157,14,9
2760,203,58,9
2761,110,5,9
2762,104,16,9
2763,155,39,9
2764,31,13,9
2765,0,3,9
2766,146,2,9
2767,15,3,9
2768,56,11,9
2769,197,8,9
2770,112,4,9
2771,179,4,9
2772,237,1,9
2773,171,3,9
2774,209,20,9
2775,125,2,9
2776,178,71,9
2777,33,1,9
2778,220,3,9
2779,66,1,9
2780,175,2,9
2781,114,2,9
2782,64,10,9
2783,73,25,9
2784,11,4,9
2785,240,3,9
2786,221,1,9
2787,5,6,9
2788,129,3,9
2789,106,2,9
2790,166,1,9
2791,28,5,9
2792,149,2,9
2793,47,1,9
2794,170,1,9
2795,172,1,9
2796,2,1,9
2797,192,2,9
2798,24,1,9
2799,59,1,9
2800,242,1,9
2801,137,1,9
2802,131,1,9
2803,218,1,9
2804,154,1,9
2805,248,1,9
2806,219,2,9
2807,122,1,9
2808,42,1,9
2809,143,1,9
2810,180,95,13
2811,209,307,13
2812,113,309,13
2813,15,56,13
2814,80,392,13
2815,3,64,13
2816,17,33,13
2817,155,237,13
2818,109,20,13
2819,110,76,13
2820,238,555,13
2821,69,121,13
2822,108,63,13
2823,21,104,13
2824,40,22,13
2825,118,101,13
2826,34,3,13
2827,240,70,13
2828,218,7,13
2829,181,284,13
2830,41,310,13
2831,87,418,13
2832,143,123,13
2833,75,37,13
2834,210,9,13
2835,11,31,13
2836,119,79,13
2837,160,71,13
2838,31,462,13
2839,13,420,13
2840,45,42,13
2841,216,102,13
2842,20,120,13
2843,99,6,13
2844,86,40,13
2845,175,90,13
2846,51,143,13
2847,65,7,13
2848,117,8,13
2849,211,6,13
2850,195,10,13
2851,106,112,13
2852,88,13,13
2853,103,23,13
2854,70,8,13
2855,242,85,13
2856,10,215,13
2857,228,9,13
2858,115,335,13
2859,186,6,13
2860,234,360,13
2861,157,195,13
2862,227,100,13
2863,72,12,13
2864,231,21,13
2865,146,43,13
2866,130,67,13
2867,152,10,13
2868,122,19,13
2869,176,40,13
2870,134,32,13
2871,191,8,13
2872,6,26,13
2873,206,135,13
2874,90,92,13
2875,164,62,13
2876,57,117,13
2877,170,11,13
2878,107,28,13
2879,18,7,13
2880,61,12,13
2881,225,28,13
2882,46,392,13
2883,149,48,13
2884,215,150,13
2885,232,204,13
2886,226,61,13
2887,165,4,13
2888,177,37,13
2889,233,12,13
2890,179,23,13
2891,141,11,13
2892,35,51,13
2893,197,103,13
2894,190,4,13
2895,14,71,13
2896,159,6,13
2897,55,11,13
2898,212,6,13
2899,132,6,13
2900,166,7,13
2901,44,2,13
2902,28,11,13
2903,172,13,13
2904,42,5,13
2905,217,7,13
2906,114,56,13
2907,73,46,13
2908,198,10,13
2909,68,37,13
2910,168,10,13
2911,84,6,13
2912,16,29,13
2913,112,47,13
2914,219,54,13
2915,29,12,13
2916,178,207,13
2917,64,119,13
2918,38,5,13
2919,174,234,13
2920,67,26,13
2921,104,154,13
2922,60,104,13
2923,23,6,13
2924,239,17,13
2925,124,32,13
2926,5,4,13
2927,59,15,13
2928,52,4,13
2929,128,7,13
2930,47,37,13
2931,187,5,13
2932,150,6,13
2933,144,5,13
2934,222,5,13
2935,140,2,13
2936,246,3,13
2937,56,85,13
2938,9,8,13
2939,1,3,13
2940,220,6,13
2941,202,51,13
2942,97,5,13
2943,78,53,13
2944,125,9,13
2945,95,21,13
2946,169,8,13
2947,248,30,13
2948,85,4,13
2949,203,63,13
2950,19,11,13
2951,54,9,13
2952,137,7,13
2953,154,7,13
2954,193,3,13
2955,53,10,13
2956,43,6,13
2957,196,22,13
2958,171,29,13
2959,153,2,13
2960,98,5,13
2961,123,5,13
2962,182,7,13
2963,221,3,13
2964,2,6,13
2965,131,10,13
2966,100,10,13
2967,26,12,13
2968,79,54,13
2969,0,55,13
2970,92,6,13
2971,247,7,13
2972,133,5,13
2973,62,31,13
2974,39,6,13
2975,237,7,13
2976,136,6,13
2977,145,3,13
2978,167,5,13
2979,243,22,13
2980,24,8,13
2981,66,2,13
2982,71,1,13
2983,224,7,13
2984,204,3,13
2985,37,9,13
2986,105,8,13
2987,33,4,13
2988,129,3,13
2989,235,7,13
2990,151,7,13
2991,94,5,13
2992,135,4,13
2993,199,4,13
2994,22,3,13
2995,4,4,13
2996,63,4,13
2997,25,2,13
2998,120,3,13
2999,36,5,13
3000,213,6,13
3001,127,2,13
3002,158,5,13
3003,126,8,13
3004,241,4,13
3005,12,7,13
3006,74,2,13
3007,205,2,13
3008,192,4,13
3009,230,1,13