"id","gold","silver","bronze","none","total","id_jo","id_country"
0,10,14,7,114,31,0,46
1,25,19,15,147,59,1,46
2,0,0,0,11,0,2,155
3,0,0,0,14,0,3,155
4,0,0,1,16,1,4,155
5,2,2,0,53,4,3,238
6,1,1,2,56,4,4,238
7,2,1,0,39,3,5,79
8,0,0,1,24,1,6,79
9,1,1,1,61,3,7,79
10,0,1,0,73,1,8,79
11,0,0,4,28,4,4,79
12,1,2,2,37,5,9,79
13,3,3,2,38,8,3,164
14,4,5,2,38,11,4,164
15,4,5,3,37,12,10,164
16,6,3,2,39,11,5,164
17,2,2,4,40,8,11,164
18,4,5,1,40,10,12,164
19,1,1,2,58,4,13,180
20,4,3,2,45,9,7,164
21,4,0,1,30,5,14,164
22,0,1,0,17,1,15,164
23,1,0,3,21,4,16,164
24,1,2,3,22,6,17,164
25,4,2,4,65,10,18,155
26,1,1,0,35,2,19,164
27,2,1,1,67,4,20,164
28,1,2,6,78,9,21,155
29,3,5,7,80,15,8,155
30,8,8,3,77,19,7,155
31,1,1,1,83,3,0,79
32,9,9,12,159,30,1,80
33,1,2,4,59,7,8,164
34,2,3,1,58,6,0,164
35,0,0,0,18,0,10,73
36,0,0,1,20,1,5,73
37,1,0,0,38,1,22,164
38,0,0,1,39,1,1,149
39,0,1,1,32,2,14,73
40,0,1,0,41,1,12,73
41,1,0,1,33,2,0,73
42,0,0,0,36,0,8,73
43,6,3,6,131,15,13,209
44,1,2,3,123,6,23,80
45,0,0,0,64,0,7,69
46,8,10,10,92,28,21,35
47,1,3,2,61,6,22,35
48,5,8,8,151,21,13,113
49,3,8,3,133,14,12,209
50,0,0,0,7,0,0,44
51,1,7,10,44,18,13,15
52,0,0,0,15,0,20,212
53,18,16,17,192,51,12,181
54,15,17,22,184,54,1,181
55,0,2,2,94,4,7,10
56,10,10,6,110,26,7,57
57,12,6,8,65,26,0,57
58,2,4,5,111,11,14,20
59,5,4,7,107,16,12,20
60,8,13,17,168,38,12,80
61,10,13,12,168,35,13,80
62,1,1,1,64,3,1,10
63,4,6,3,202,13,14,90
64,2,0,0,13,2,7,40
65,0,1,0,4,1,19,40
66,4,1,1,49,6,8,227
67,6,4,5,143,15,8,209
68,1,1,2,64,4,7,143
69,0,0,0,13,0,0,45
70,20,21,14,199,55,14,238
71,0,2,0,67,2,23,209
72,2,3,2,69,7,24,209
73,1,2,2,100,5,18,209
74,0,0,0,26,0,18,45
75,19,21,25,171,65,14,181
76,8,6,9,146,23,1,113
77,5,8,8,170,21,12,113
78,8,7,12,167,27,14,80
79,0,0,0,6,0,14,158
80,0,0,0,19,0,23,158
81,2,1,2,142,5,19,143
82,7,8,7,135,22,0,104
83,0,0,1,23,1,20,160
84,0,0,0,5,0,20,44
85,1,0,0,28,1,1,3
86,0,0,0,48,0,13,3
87,6,3,3,129,12,21,113
88,11,6,9,147,26,8,113
89,13,6,11,146,30,7,113
90,11,5,8,128,24,18,113
91,5,6,5,154,16,0,113
92,5,3,4,77,12,24,113
93,0,0,0,13,0,23,121
94,0,0,0,26,0,24,121
95,0,0,0,21,0,13,17
96,0,0,0,9,0,8,166
97,0,0,0,15,0,25,109
98,0,0,0,9,0,14,109
99,0,0,1,11,1,0,166
100,0,0,0,35,0,25,69
101,0,0,0,28,0,21,125
102,0,0,0,1,0,26,166
103,0,0,0,14,0,14,177
104,0,0,0,12,0,7,166
105,0,0,0,12,0,14,166
106,0,0,0,7,0,1,166
107,0,0,0,13,0,18,134
108,0,0,0,5,0,9,108
109,0,0,0,8,0,12,166
110,3,5,2,41,10,1,108
111,1,2,4,30,7,12,15
112,2,0,1,29,3,7,15
113,7,4,4,108,15,13,155
114,0,1,0,24,1,16,113
115,3,0,0,21,3,27,113
116,0,0,0,5,0,13,109
117,3,11,7,169,21,8,41
118,3,3,7,163,13,7,41
119,0,2,0,56,2,13,110
120,9,12,12,187,33,12,13
121,0,1,0,89,1,12,206
122,3,5,6,71,14,26,238
123,2,3,5,85,10,9,238
124,0,2,2,170,4,23,41
125,2,8,7,169,17,12,41
126,35,20,24,167,79,13,238
127,25,24,23,187,72,12,238
128,0,0,1,34,1,12,149
129,1,1,3,43,5,14,69
130,0,2,0,85,2,1,69
131,0,0,1,68,1,12,69
132,0,0,0,7,0,12,72
133,0,0,2,86,2,13,69
134,0,0,0,33,0,0,69
135,0,0,0,18,0,8,69
136,0,0,0,4,0,25,235
137,0,0,0,17,0,20,235
138,0,0,0,4,0,20,121
139,0,0,0,12,0,18,117
140,0,0,0,10,0,22,212
141,0,0,0,7,0,19,212
142,0,0,0,7,0,23,69
143,0,1,0,74,1,18,69
144,0,0,0,17,0,20,69
145,0,0,0,6,0,23,226
146,0,0,0,36,0,21,69
147,0,0,0,5,0,8,128
148,0,1,0,7,1,12,212
149,0,0,0,29,0,24,3
150,0,0,0,30,0,21,3
151,1,0,1,25,2,0,3
152,0,1,1,43,2,12,3
153,2,1,4,39,7,13,108
154,1,1,2,70,4,13,21
155,7,11,12,178,30,1,13
156,0,0,1,10,1,0,177
157,0,0,0,10,0,8,177
158,0,0,0,5,0,21,65
159,0,0,0,8,0,0,65
160,26,15,22,203,63,7,238
161,31,16,18,181,65,1,238
162,15,17,15,223,47,7,13
163,14,13,9,183,36,14,13
164,0,0,0,4,0,12,211
165,8,16,14,156,38,18,41
166,0,1,1,49,2,23,108
167,0,0,0,16,0,1,40
168,0,0,0,4,0,8,52
169,0,0,0,4,0,8,44
170,0,0,0,14,0,13,40
171,3,5,9,81,17,13,118
172,0,0,0,3,0,13,34
173,0,0,0,27,0,24,109
174,0,0,1,10,1,7,121
175,0,1,0,21,1,8,134
176,0,0,0,33,0,7,134
177,0,0,0,12,0,0,134
178,0,0,0,1,0,8,34
179,0,0,0,2,0,7,34
180,0,0,0,3,0,7,212
181,0,0,1,22,1,22,109
182,0,0,0,12,0,18,195
183,0,0,0,56,0,24,217
184,0,0,0,6,0,21,135
185,0,0,0,4,0,7,17
186,0,0,0,9,0,18,17
187,0,0,0,21,0,20,75
188,0,0,0,14,0,19,134
189,2,0,1,33,3,22,166
190,0,2,0,28,2,25,166
191,0,0,0,3,0,12,109
192,0,0,0,8,0,1,109
193,0,0,0,4,0,8,233
194,1,1,0,25,2,14,107
195,0,0,0,19,0,19,160
196,0,0,0,54,0,19,172
197,0,0,0,15,0,12,177
198,0,0,0,8,0,0,109
199,0,0,0,16,0,21,233
200,0,0,0,8,0,18,233
201,0,0,0,19,0,0,121
202,0,0,0,45,0,21,160
203,0,1,0,22,1,8,15
204,0,1,1,68,2,8,240
205,1,1,2,65,4,7,240
206,1,0,2,49,3,1,240
207,4,2,7,56,13,13,240
208,1,0,4,31,5,14,15
209,2,2,6,47,10,1,15
210,0,0,0,10,0,1,233
211,0,0,0,24,0,21,121
212,2,1,2,66,5,14,240
213,0,1,1,20,2,12,122
214,0,0,0,15,0,1,122
215,1,0,0,6,1,13,218
216,15,14,17,135,46,13,181
217,0,0,0,9,0,14,218
218,0,1,1,14,2,12,218
219,0,0,1,15,1,1,218
220,0,0,0,20,0,24,128
221,0,0,0,32,0,14,122
222,0,0,1,35,1,28,115
223,0,0,0,30,0,29,115
224,2,2,3,89,7,22,115
225,3,7,9,148,19,0,115
226,9,4,4,96,17,20,115
227,0,0,0,41,0,2,115
228,1,1,3,46,5,3,115
229,2,1,1,46,4,4,115
230,6,5,2,85,13,19,115
231,7,2,7,104,16,23,115
232,4,7,4,142,15,7,115
233,9,5,7,156,21,12,115
234,3,6,5,154,14,8,115
235,8,6,9,125,23,18,115
236,3,3,6,155,12,21,115
237,15,6,11,138,32,14,115
238,0,0,0,9,0,24,53
239,0,0,2,10,2,0,75
240,0,0,1,32,1,18,40
241,0,0,2,43,2,20,31
242,0,0,2,46,2,23,31
243,2,9,3,142,14,14,209
244,0,5,12,163,17,1,41
245,4,2,10,160,16,13,41
246,10,8,12,178,30,12,87
247,2,3,4,157,9,7,209
248,5,2,5,74,12,1,57
249,13,5,1,177,19,0,209
250,12,8,12,186,32,13,87
251,0,0,0,29,0,22,112
252,0,2,2,77,4,13,143
253,0,0,0,9,0,6,10
254,1,1,1,128,3,21,209
255,0,0,0,14,0,8,40
256,2,0,0,10,2,7,75
257,1,1,2,13,4,13,75
258,0,0,2,59,2,19,10
259,0,1,0,62,1,20,10
260,0,0,0,51,0,23,10
261,0,0,1,39,1,3,215
262,0,3,7,104,10,21,215
263,0,0,0,4,0,2,237
264,0,0,0,9,0,3,237
265,0,0,0,4,0,4,237
266,0,0,0,3,0,10,237
267,0,0,0,4,0,5,237
268,1,0,1,28,2,8,3
269,1,2,9,112,12,20,113
270,1,3,5,56,9,14,227
271,1,3,3,61,7,12,227
272,0,1,0,15,1,7,210
273,0,0,0,10,0,13,210
274,1,2,0,29,3,13,11
275,0,0,0,12,0,0,61
276,0,0,0,8,0,8,61
277,0,0,0,7,0,12,61
278,3,10,4,118,17,1,209
279,2,5,13,120,20,18,80
280,0,0,0,15,0,21,226
281,0,0,0,14,0,21,109
282,2,4,7,93,13,12,118
283,6,13,14,145,33,1,115
284,0,1,0,29,1,13,119
285,6,7,7,88,20,23,35
286,5,15,14,117,34,24,35
287,0,0,0,32,0,1,160
288,0,0,1,36,1,13,160
289,0,0,0,17,0,24,23
290,0,0,0,3,0,18,23
291,0,0,4,44,4,10,80
292,7,3,4,209,14,13,31
293,0,0,0,48,0,5,232
294,0,0,0,43,0,11,232
295,0,0,0,37,0,26,232
296,0,2,3,54,5,23,155
297,0,0,0,16,0,8,88
298,0,0,0,4,0,20,205
299,0,0,0,23,0,10,124
300,0,1,1,30,2,9,124
301,7,9,9,170,25,13,13
302,0,0,0,16,0,2,209
303,0,0,0,13,0,19,125
304,0,1,0,22,1,20,125
305,0,0,0,8,0,7,217
306,0,0,2,27,2,7,149
307,0,0,0,5,0,21,159
308,0,0,0,5,0,21,128
309,0,0,2,15,2,18,3
310,0,0,0,11,0,18,109
311,0,0,0,18,0,19,69
312,0,0,0,4,0,3,125
313,0,0,0,7,0,14,136
314,34,20,19,191,73,8,238
315,10,4,5,117,19,21,104
316,2,4,4,139,10,23,234
317,1,6,8,131,15,24,234
318,0,0,0,37,0,13,45
319,2,1,2,76,5,13,216
320,0,0,0,30,0,18,106
321,0,0,0,27,0,21,106
322,0,0,0,36,0,0,106
323,0,0,1,31,1,8,106
324,1,10,11,141,22,24,174
325,3,4,3,82,10,7,215
326,4,2,1,72,7,14,215
327,0,4,1,76,5,12,215
328,7,3,2,96,12,19,80
329,0,0,0,16,0,18,55
330,0,0,0,13,0,23,168
331,0,1,1,31,2,2,164
332,1,1,5,22,7,6,164
333,66,31,13,107,110,18,238
334,13,18,12,143,43,20,238
335,21,19,14,136,54,23,238
336,0,1,2,28,3,28,215
337,1,2,3,95,6,22,215
338,2,2,3,66,7,25,215
339,0,0,0,4,0,11,86
340,0,0,0,7,0,26,86
341,0,0,0,6,0,9,86
342,1,2,4,80,7,13,20
343,1,0,0,41,1,9,232
344,0,0,1,28,1,26,20
345,3,0,0,29,3,9,20
346,0,1,1,23,2,0,149
347,0,0,2,37,2,8,86
348,0,1,0,34,1,8,203
349,0,0,0,6,0,4,86
350,0,0,0,6,0,10,86
351,4,3,1,49,8,4,181
352,4,4,5,63,13,11,181
353,1,0,3,74,4,26,181
354,0,1,0,20,1,11,56
355,0,0,0,7,0,13,99
356,0,0,0,8,0,21,99
357,1,0,0,28,1,22,157
358,2,1,3,34,6,13,86
359,0,0,0,60,0,21,175
360,0,0,0,71,0,0,175
361,0,0,1,78,1,8,175
362,1,1,0,63,2,12,175
363,0,1,0,74,1,1,175
364,12,5,9,158,26,8,80
365,0,0,0,22,0,4,35
366,0,1,0,71,1,1,216
367,3,4,2,40,9,4,87
368,0,0,0,35,0,3,174
369,0,0,0,36,0,10,174
370,0,0,0,28,0,5,174
371,0,0,1,60,1,13,175
372,4,4,3,65,11,23,57
373,3,1,3,126,7,14,31
374,0,0,0,24,0,19,175
375,0,0,0,6,0,23,170
376,0,0,0,9,0,12,6
377,0,5,2,76,7,18,31
378,8,6,5,74,19,24,57
379,0,0,0,37,0,8,242
380,0,2,0,25,2,23,175
381,0,0,0,17,0,24,175
382,4,1,5,157,10,21,80
383,1,2,3,76,6,1,51
384,3,2,1,80,6,13,51
385,0,0,0,7,0,13,65
386,24,16,18,181,58,7,181
387,1,0,1,13,2,1,75
388,25,23,18,165,66,21,238
389,6,5,6,53,17,5,87
390,2,3,2,56,7,5,181
391,1,0,1,38,2,12,108
392,0,0,0,5,0,12,18
393,0,0,0,9,0,1,117
394,1,0,0,7,1,13,117
395,0,0,0,1,0,8,211
396,0,0,0,5,0,1,211
397,0,0,0,8,0,7,117
398,0,0,0,8,0,14,117
399,3,4,4,88,11,8,118
400,0,0,0,4,0,14,212
401,0,0,0,3,0,14,211
402,16,9,8,130,33,7,46
403,3,0,2,45,5,21,119
404,0,1,3,33,4,12,160
405,0,0,0,22,0,19,171
406,0,0,0,19,0,25,171
407,0,0,0,8,0,14,128
408,0,0,0,2,0,14,205
409,13,2,4,137,19,25,115
410,0,0,0,6,0,13,211
411,0,0,0,10,0,13,195
412,0,0,0,58,0,8,143
413,0,0,0,18,0,18,121
414,0,3,1,64,4,14,143
415,5,1,5,95,11,1,118
416,0,0,0,9,0,21,117
417,2,0,0,27,2,19,227
418,2,2,7,122,11,20,80
419,3,1,3,74,7,12,180
420,2,2,1,31,5,4,216
421,1,0,1,38,2,10,216
422,0,2,1,26,3,2,216
423,1,0,1,30,2,3,216
424,2,2,3,46,7,5,216
425,0,0,0,8,0,22,45
426,0,0,0,14,0,21,239
427,0,0,0,49,0,19,70
428,0,0,1,56,1,0,176
429,0,0,0,31,0,0,51
430,0,0,2,38,2,20,51
431,0,0,0,25,0,20,171
432,0,0,1,82,1,12,242
433,1,2,1,83,4,18,143
434,4,2,2,126,8,19,234
435,3,3,7,147,13,20,234
436,0,0,0,28,0,22,172
437,0,1,0,42,1,14,106
438,1,0,2,45,3,12,106
439,0,0,1,67,1,13,106
440,26,14,16,194,56,1,234
441,12,10,21,191,43,7,87
442,0,0,1,18,1,25,88
443,0,0,0,13,0,13,88
444,0,0,2,12,2,0,88
445,0,5,2,85,7,18,216
446,0,0,0,5,0,26,125
447,0,0,0,25,0,18,231
448,1,0,2,22,3,21,149
449,0,0,2,26,2,8,149
450,10,9,5,156,24,7,234
451,15,8,14,149,37,12,234
452,0,0,0,32,0,9,180
453,1,0,0,11,1,1,231
454,0,0,1,8,1,8,231
455,0,0,0,13,0,7,231
456,1,0,0,27,1,12,226
457,1,1,1,47,3,1,226
458,0,0,1,64,1,22,21
459,4,5,8,79,17,1,155
460,0,0,0,21,0,21,40
461,0,0,0,10,0,25,61
462,0,0,0,22,0,21,231
463,1,1,3,102,5,21,31
464,3,0,1,49,4,23,157
465,6,8,8,140,22,14,234
466,13,15,22,185,50,8,87
467,3,3,2,51,8,10,87
468,3,7,5,56,15,11,87
469,3,3,1,45,7,19,155
470,2,0,0,52,2,7,203
471,0,1,0,71,1,0,143
472,3,1,4,62,8,20,57
473,0,0,0,9,0,13,103
474,0,1,1,53,2,22,10
475,0,0,0,79,0,25,10
476,3,0,4,65,7,12,10
477,0,0,0,14,0,18,68
478,2,0,1,70,3,12,143
479,1,2,2,70,5,1,143
480,0,0,0,10,0,13,70
481,0,1,2,74,3,13,242
482,2,10,10,80,22,12,57
483,0,1,0,20,1,24,242
484,3,1,0,77,4,13,10
485,0,0,0,19,0,19,88
486,0,0,1,17,1,20,88
487,0,0,0,15,0,15,13
488,3,6,3,67,12,11,41
489,9,4,2,69,15,26,41
490,0,0,0,71,0,1,242
491,0,0,0,12,0,20,239
492,0,0,0,9,0,13,228
493,11,7,18,151,36,13,115
494,1,1,1,57,3,9,115
495,7,1,2,66,10,18,157
496,3,0,2,53,5,7,227
497,0,0,1,10,1,12,141
498,0,0,2,81,2,21,143
499,0,0,0,18,0,0,198
500,4,2,11,187,17,0,234
501,1,0,1,30,2,5,234
502,0,0,1,32,1,18,119
503,1,2,0,26,3,0,119
504,12,12,16,189,40,14,87
505,0,0,0,4,0,8,212
506,0,0,0,7,0,21,140
507,2,5,10,120,17,0,174
508,4,4,7,135,15,20,174
509,5,6,11,94,22,23,174
510,0,0,1,54,1,22,143
511,0,0,0,28,0,4,60
512,1,0,0,36,1,10,60
513,4,4,0,86,8,8,90
514,0,0,0,14,0,17,174
515,0,0,0,17,0,2,174
516,3,4,1,157,8,12,174
517,2,1,6,139,9,1,174
518,27,16,20,175,63,0,87
519,0,2,1,31,3,20,108
520,0,0,0,6,0,1,159
521,3,4,2,48,9,25,35
522,2,4,3,61,9,19,35
523,0,0,0,4,0,1,186
524,0,0,0,5,0,13,186
525,4,8,6,136,18,0,13
526,0,2,3,64,5,7,206
527,0,0,0,11,0,23,225
528,0,0,0,6,0,24,225
529,0,0,1,19,1,18,67
530,0,0,2,134,2,20,41
531,0,0,0,6,0,21,190
532,0,1,4,111,5,23,13
533,2,5,12,171,19,18,234
534,4,6,6,175,16,21,234
535,0,0,0,44,0,21,176
536,19,18,12,149,49,13,234
537,4,7,11,115,22,18,13
538,3,6,4,133,13,21,13
539,7,7,19,179,33,8,13
540,0,1,0,77,1,22,41
541,0,1,2,38,3,9,234
542,26,21,24,178,71,0,238
543,3,1,0,80,4,14,157
544,3,2,4,69,9,12,157
545,6,2,5,74,13,1,157
546,4,9,3,84,16,13,157
547,11,9,12,182,32,1,87
548,1,6,9,92,16,22,174
549,2,3,5,93,10,24,215
550,0,1,0,34,1,18,114
551,0,2,0,20,2,21,114
552,0,0,0,13,0,7,88
553,0,0,1,39,1,21,172
554,0,0,0,4,0,21,205
555,0,0,0,4,0,8,205
556,1,3,4,80,8,13,227
557,1,0,2,39,3,7,3
558,4,1,13,179,18,0,80
559,0,1,2,118,3,22,80
560,0,2,0,86,2,0,206
561,0,3,8,119,11,22,234
562,1,9,1,114,11,25,234
563,0,1,0,12,1,22,88
564,0,0,0,4,0,12,127
565,0,0,0,3,0,1,127
566,0,0,0,17,0,18,88
567,0,0,0,14,0,21,88
568,5,2,2,43,9,3,87
569,0,1,1,23,2,18,160
570,2,1,2,34,5,8,160
571,0,3,1,30,4,0,160
572,0,0,0,11,0,8,213
573,0,0,0,5,0,7,213
574,2,2,1,21,5,16,215
575,0,1,2,53,3,24,155
576,0,1,2,67,3,9,80
577,0,0,0,8,0,1,72
578,0,0,0,7,0,13,72
579,0,0,0,2,0,7,205
580,0,0,0,7,0,18,205
581,3,5,9,122,17,1,31
582,0,0,0,12,0,20,40
583,1,0,0,10,1,8,75
584,2,0,1,8,3,12,75
585,0,0,0,14,0,13,231
586,0,0,0,22,0,24,160
587,0,0,1,17,1,25,31
588,0,0,1,37,1,29,238
589,5,1,0,33,6,6,238
590,0,0,0,8,0,12,154
591,1,1,0,18,2,20,231
592,0,0,5,19,5,12,11
593,0,0,0,3,0,7,128
594,2,0,2,69,4,24,31
595,10,9,9,169,28,7,80
596,0,1,1,39,2,13,146
597,3,5,5,65,13,26,87
598,2,1,0,105,3,0,31
599,10,15,8,116,33,22,87
600,8,15,15,122,38,25,87
601,1,3,3,74,7,1,215
602,1,0,0,8,1,22,75
603,1,0,0,7,1,8,217
604,0,1,0,45,1,22,149
605,0,0,0,10,0,25,149
606,0,0,0,11,0,22,231
607,0,1,0,13,1,18,61
608,0,0,0,5,0,7,167
609,0,0,0,28,0,16,216
610,0,7,3,111,10,0,215
611,0,0,1,32,1,6,215
612,1,0,1,28,2,17,215
613,0,0,0,28,0,29,215
614,2,0,3,46,5,7,130
615,1,1,0,42,2,14,130
616,2,7,6,123,15,18,215
617,0,1,3,46,4,13,130
618,5,11,14,105,30,20,104
619,0,0,0,48,0,20,172
620,0,0,0,7,0,18,145
621,0,0,1,59,1,8,176
622,0,0,0,30,0,25,176
623,0,0,0,55,0,19,176
624,0,0,0,5,0,20,222
625,0,0,0,9,0,13,152
626,0,0,0,17,0,18,107
627,0,1,0,31,1,21,107
628,2,4,8,80,14,8,31
629,0,5,6,86,11,7,31
630,0,0,0,4,0,22,27
631,0,0,0,2,0,20,27
632,2,9,8,81,19,14,155
633,6,5,4,84,15,12,155
634,2,3,9,132,14,12,31
635,5,5,8,128,18,8,104
636,0,0,0,7,0,27,209
637,0,2,2,37,4,24,146
638,7,4,7,158,18,14,232
639,4,3,13,157,20,12,232
640,0,0,0,33,0,5,118
641,0,0,0,17,0,13,122
642,4,1,10,133,15,8,232
643,3,8,9,165,20,7,232
644,0,0,1,17,1,18,105
645,0,0,0,4,0,12,4
646,0,2,1,80,3,21,216
647,1,2,2,46,5,11,216
648,0,0,2,66,2,20,14
649,0,1,2,39,3,23,216
650,0,1,2,68,3,1,21
651,1,1,1,60,3,9,216
652,0,0,0,10,0,9,21
653,1,1,0,54,2,12,21
654,0,0,0,80,0,0,216
655,0,3,0,114,3,20,216
656,0,2,1,14,3,28,216
657,1,0,0,26,1,13,176
658,13,11,12,176,36,8,181
659,2,0,0,17,2,18,149
660,0,1,1,23,2,1,134
661,0,4,1,24,5,13,134
662,2,2,0,8,4,14,75
663,2,0,0,44,2,24,216
664,0,1,0,20,1,21,108
665,0,0,0,3,0,9,222
666,3,0,1,29,4,7,108
667,0,0,0,9,0,13,191
668,1,2,0,35,3,7,160
669,0,0,0,11,0,13,6
670,4,8,13,68,25,23,180
671,2,4,2,63,8,13,206
672,3,5,3,104,11,7,90
673,0,2,2,102,4,12,90
674,0,0,2,75,2,1,90
675,3,1,2,60,6,13,90
676,0,1,2,33,3,0,108
677,0,0,1,14,1,21,166
678,0,0,0,4,0,16,108
679,2,4,2,67,8,1,180
680,14,14,13,46,41,18,180
681,0,0,0,11,0,9,227
682,0,0,0,7,0,1,182
683,7,9,11,149,27,14,113
684,0,0,0,4,0,11,240
685,1,1,0,56,2,8,56
686,1,0,1,52,2,7,56
687,0,0,0,4,0,7,66
688,0,0,0,23,0,29,234
689,0,0,0,6,0,8,66
690,0,0,0,6,0,19,168
691,0,0,0,15,0,24,198
692,0,0,0,3,0,20,23
693,0,0,0,6,0,0,23
694,0,0,0,6,0,1,222
695,5,4,2,74,11,24,80
696,0,0,0,5,0,21,100
697,0,0,0,7,0,8,100
698,2,3,1,50,6,7,64
699,0,0,4,50,4,13,164
700,0,0,0,14,0,22,119
701,0,0,0,22,0,25,119
702,2,1,1,15,4,15,215
703,0,0,0,58,0,14,3
704,3,5,6,89,14,20,180
705,0,0,0,19,0,14,11
706,0,0,2,56,2,25,108
707,0,0,0,5,0,24,137
708,0,0,0,6,0,18,137
709,0,0,0,6,0,21,137
710,0,0,0,7,0,14,137
711,0,1,3,42,4,4,80
712,6,8,4,74,18,25,113
713,0,0,0,4,0,18,131
714,7,6,2,79,15,9,41
715,1,8,5,70,14,11,238
716,0,1,2,59,3,12,14
717,8,5,3,96,16,25,104
718,0,0,0,9,0,16,10
719,0,0,1,23,1,8,226
720,0,1,4,71,5,9,113
721,0,0,0,9,0,12,198
722,0,0,0,34,0,23,90
723,0,1,1,43,2,18,176
724,0,0,0,9,0,18,59
725,1,1,0,19,2,12,67
726,0,0,0,4,0,8,23
727,0,0,1,53,1,21,10
728,0,0,0,6,0,21,222
729,0,0,0,7,0,7,6
730,0,0,0,16,0,22,239
731,0,0,0,70,0,18,10
732,0,0,0,10,0,24,97
733,9,7,7,62,23,8,57
734,0,0,0,18,0,24,55
735,0,0,0,36,0,25,209
736,0,0,0,10,0,18,168
737,0,0,0,7,0,0,168
738,8,6,11,83,25,14,57
739,0,0,0,18,0,19,55
740,0,0,1,58,1,25,143
741,0,1,0,112,1,20,143
742,1,0,1,53,2,23,143
743,0,0,0,2,0,14,22
744,0,1,0,18,1,21,55
745,0,1,0,13,1,21,45
746,5,2,4,88,11,13,57
747,0,0,0,2,0,5,225
748,0,0,0,15,0,22,57
749,0,0,0,7,0,12,158
750,0,0,0,39,0,14,176
751,0,0,0,14,0,11,10
752,0,0,1,67,1,0,10
753,0,0,0,7,0,12,170
754,0,0,0,10,0,1,170
755,0,0,0,11,0,13,170
756,0,0,0,9,0,0,158
757,0,0,0,9,0,8,158
758,0,0,0,12,0,1,239
759,1,2,0,17,3,13,107
760,0,1,1,26,2,8,119
761,1,8,3,164,12,8,234
762,3,2,7,122,12,25,13
763,0,0,0,3,0,12,52
764,0,0,0,3,0,1,52
765,0,0,0,28,0,14,149
766,0,0,0,23,0,24,40
767,0,0,1,11,1,25,160
768,1,3,1,31,5,28,238
769,3,1,0,36,4,17,238
770,0,0,0,6,0,0,222
771,0,0,0,14,0,19,149
772,1,0,0,73,1,20,64
773,0,1,1,41,2,10,215
774,0,0,5,43,5,5,215
775,0,0,0,32,0,19,239
776,2,1,1,68,4,20,155
777,0,0,0,24,0,25,164
778,0,1,1,75,2,18,164
779,1,0,0,30,1,24,106
780,0,0,0,9,0,18,177
781,0,0,0,9,0,23,134
782,0,0,1,16,1,1,107
783,2,0,0,2,2,19,166
784,0,0,0,5,0,1,135
785,2,0,0,14,2,18,166
786,0,0,0,4,0,7,109
787,0,0,0,3,0,8,109
788,0,2,0,11,2,20,166
789,0,0,0,4,0,7,135
790,0,0,0,7,0,13,18
791,2,0,0,22,2,3,178
792,3,1,0,16,4,4,178
793,2,1,0,26,3,10,178
794,2,1,3,66,6,24,79
795,1,1,3,87,5,22,79
796,0,1,1,60,2,19,79
797,1,3,0,23,4,29,79
798,0,1,1,64,2,21,79
799,0,2,0,51,2,14,79
800,0,3,3,29,6,10,79
801,0,4,2,31,6,11,79
802,0,0,3,39,3,26,79
803,1,1,3,71,5,20,79
804,2,0,0,62,2,23,79
805,0,0,0,5,0,1,23
806,0,0,0,10,0,1,61
807,1,0,1,11,2,13,61
808,0,0,0,10,0,12,152
809,0,0,0,8,0,1,152
810,0,0,0,5,0,0,128
811,0,0,0,5,0,11,106
812,0,1,0,29,1,1,73
813,1,1,2,19,4,1,225
814,0,0,1,24,1,13,225
815,22,15,8,159,45,14,46
816,21,11,19,159,51,13,46
817,0,2,1,100,3,8,10
818,2,0,5,80,7,14,10
819,0,0,0,6,0,0,140
820,0,0,0,4,0,8,140
821,2,1,2,50,5,1,130
822,0,0,0,54,0,25,14
823,0,2,2,33,4,19,14
824,2,0,2,31,4,2,215
825,1,6,5,78,12,25,80
826,2,2,2,49,6,5,80
827,2,0,1,59,3,8,206
828,0,0,0,43,0,26,234
829,1,0,2,92,3,7,157
830,0,0,1,39,1,13,149
831,0,0,0,3,0,17,149
832,0,0,0,3,0,2,149
833,0,0,0,9,0,3,149
834,0,0,0,13,0,7,171
835,0,0,0,7,0,14,24
836,0,0,0,6,0,12,24
837,1,4,3,87,8,14,118
838,4,4,8,159,16,1,232
839,0,0,0,28,0,6,115
840,0,0,0,10,0,14,231
841,1,1,3,75,5,13,215
842,0,1,0,8,1,18,217
843,7,6,3,122,16,7,104
844,6,3,3,127,12,14,104
845,1,1,0,38,2,21,227
846,0,0,0,12,0,7,61
847,0,0,0,17,0,24,199
848,0,0,0,21,0,15,115
849,7,2,0,32,9,22,227
850,2,3,1,18,6,25,227
851,0,1,0,42,1,20,227
852,0,0,0,3,0,1,190
853,1,2,1,76,4,1,227
854,0,0,0,27,0,23,227
855,0,0,0,3,0,14,191
856,0,0,0,7,0,12,191
857,5,5,0,100,10,20,13
858,2,0,1,23,3,15,238
859,0,0,1,31,1,16,238
860,2,1,0,92,3,19,215
861,1,0,1,26,2,16,41
862,0,0,3,46,3,18,227
863,1,3,4,135,8,13,232
864,5,3,1,44,9,10,181
865,0,0,0,21,0,7,59
866,0,0,0,21,0,14,59
867,0,0,0,18,0,12,59
868,0,1,0,12,1,1,59
869,2,2,2,29,6,14,108
870,0,0,0,48,0,9,118
871,1,5,2,107,8,8,20
872,3,3,0,99,6,7,118
873,0,0,0,6,0,5,86
874,0,0,1,58,1,7,122
875,0,0,0,6,0,7,18
876,0,0,0,4,0,14,18
877,0,0,0,12,0,8,169
878,0,0,0,29,0,27,115
879,0,0,2,30,2,14,160
880,0,1,0,11,1,24,231
881,2,1,1,20,4,12,119
882,0,0,0,19,0,20,149
883,0,0,0,9,0,18,212
884,0,0,0,9,0,21,235
885,3,1,6,66,10,18,79
886,1,0,0,42,1,25,106
887,0,0,0,4,0,8,222
888,0,0,0,13,0,22,160
889,0,0,3,44,3,13,226
890,0,0,0,11,0,24,1
891,4,0,1,61,5,8,64
892,0,0,1,15,1,24,125
893,0,0,1,5,1,14,217
894,0,0,0,13,0,23,195
895,0,0,0,20,0,0,233
896,0,0,0,3,0,14,246
897,0,0,0,17,0,8,121
898,0,0,0,13,0,8,195
899,0,1,0,13,1,7,195
900,0,0,0,12,0,14,195
901,0,0,0,14,0,18,165
902,0,0,0,4,0,13,165
903,0,0,0,12,0,21,195
904,0,0,0,10,0,0,17
905,0,0,0,11,0,12,195
906,0,0,1,13,1,1,195
907,0,0,0,5,0,0,165
908,0,0,0,9,0,0,217
909,0,0,1,10,1,1,121
910,0,0,0,5,0,14,125
911,0,0,2,11,2,1,177
912,0,0,1,13,1,7,177
913,0,1,0,20,1,13,177
914,0,0,0,6,0,7,125
915,0,0,0,9,0,14,121
916,0,0,0,7,0,12,121
917,0,0,0,12,0,20,195
918,0,0,0,13,0,0,195
919,0,0,0,13,0,21,217
920,1,0,0,4,1,14,233
921,0,0,1,10,1,13,233
922,0,0,0,9,0,21,165
923,0,0,0,10,0,14,17
924,0,0,0,11,0,12,17
925,0,0,0,7,0,12,217
926,0,0,0,4,0,12,165
927,0,0,0,4,0,8,17
928,0,0,0,6,0,7,165
929,0,0,0,2,0,14,165
930,0,0,0,2,0,7,211
931,0,0,0,7,0,21,17
932,0,0,0,8,0,0,246
933,0,0,0,11,0,1,17
934,0,0,0,8,0,12,246
935,0,0,0,4,0,1,246
936,0,0,0,3,0,1,165
937,0,0,0,7,0,12,117
938,0,0,0,5,0,0,117
939,0,0,0,5,0,8,165
940,0,0,0,4,0,8,246
941,0,0,0,9,0,12,233
942,0,0,0,10,0,21,177
943,0,0,0,4,0,19,109
944,0,0,0,2,0,7,246
945,0,0,0,5,0,7,233
946,0,0,0,5,0,1,212
947,0,0,0,5,0,8,117
948,0,0,0,23,0,22,226
949,1,1,1,52,3,12,79
950,0,1,1,59,2,1,79
951,0,2,3,75,5,23,21
952,1,0,0,51,1,24,21
953,0,0,0,1,0,10,227
954,0,0,0,5,0,5,227
955,0,0,0,49,0,25,134
956,0,0,0,9,0,1,78
957,0,0,0,8,0,21,18
958,0,0,0,4,0,8,18
959,0,0,0,4,0,14,23
960,1,0,1,62,2,25,79
961,0,0,0,6,0,27,227
962,0,2,2,20,4,0,56
963,0,0,0,4,0,14,159
964,0,0,0,7,0,21,23
965,1,2,3,13,6,15,79
966,0,0,0,5,0,1,241
967,0,0,0,51,0,19,209
968,0,0,1,34,1,21,51
969,1,2,7,94,10,19,113
970,1,5,4,113,10,23,113
971,0,0,1,35,1,2,113
972,2,4,1,43,7,3,113
973,4,0,3,47,7,4,113
974,1,3,1,50,5,10,113
975,0,0,1,82,1,22,209
976,2,3,2,103,7,8,215
977,4,5,7,92,16,22,104
978,6,3,7,184,16,0,41
979,2,2,4,186,8,21,41
980,3,0,1,25,4,12,114
981,1,3,3,18,7,1,114
982,0,0,1,17,1,15,113
983,0,0,0,6,0,4,64
984,0,0,0,16,0,26,64
985,2,0,1,66,3,10,238
986,3,7,3,66,13,5,238
987,0,0,0,9,0,22,171
988,0,0,0,22,0,13,179
989,4,1,3,57,8,5,41
990,0,1,3,87,4,22,216
991,1,2,1,48,4,25,216
992,1,2,2,36,5,5,14
993,0,0,0,27,0,26,35
994,2,3,6,80,11,20,215
995,4,1,0,86,5,23,215
996,0,0,0,12,0,29,220
997,0,1,0,51,1,22,175
998,0,0,0,8,0,22,16
999,0,0,0,12,0,19,16
1000,0,0,0,10,0,23,239
1001,0,0,0,11,0,13,141
1002,0,1,0,29,1,11,234
1003,0,0,0,37,0,19,95
1004,0,4,0,74,4,19,57
1005,0,1,0,20,1,1,95
1006,0,0,0,20,0,25,175
1007,0,0,0,28,0,20,175
1008,0,0,0,22,0,3,10
1009,0,0,2,13,2,24,114
1010,1,1,1,90,3,25,41
1011,2,1,2,68,5,20,220
1012,2,3,3,44,8,23,220
1013,2,3,4,60,9,24,220
1014,10,3,6,97,19,7,180
1015,0,1,1,24,2,1,176
1016,0,0,0,15,0,21,67
1017,0,0,0,16,0,8,67
1018,0,0,1,49,1,8,130
1019,0,2,2,50,4,12,130
1020,0,1,1,54,2,1,35
1021,0,1,2,48,3,13,35
1022,3,6,6,102,15,0,35
1023,0,0,0,39,0,8,122
1024,2,0,8,84,10,14,35
1025,1,1,3,55,5,12,35
1026,0,0,0,34,0,11,118
1027,0,1,2,27,3,1,11
1028,1,0,1,36,2,1,124
1029,0,0,2,28,2,10,20
1030,0,0,1,25,1,8,112
1031,2,3,11,93,16,7,20
1032,1,0,1,54,2,1,197
1033,3,4,2,48,9,13,197
1034,0,0,0,17,0,2,35
1035,0,0,0,28,0,3,35
1036,2,5,4,100,11,1,20
1037,0,0,2,25,2,24,75
1038,1,0,0,10,1,25,75
1039,0,0,0,13,0,19,75
1040,0,1,2,24,3,19,31
1041,0,0,0,38,0,20,176
1042,11,8,10,110,29,22,113
1043,0,0,0,8,0,9,145
1044,0,0,1,43,1,21,90
1045,1,0,2,29,3,24,90
1046,0,1,1,48,2,18,90
1047,0,0,0,2,0,1,33
1048,0,0,0,2,0,12,190
1049,0,0,0,4,0,13,190
1050,0,1,1,17,2,7,225
1051,0,0,1,18,1,14,225
1052,2,4,3,143,9,14,41
1053,0,0,0,15,0,8,105
1054,0,0,0,28,0,7,105
1055,0,0,0,20,0,14,105
1056,0,0,1,61,1,13,14
1057,0,0,0,3,0,28,90
1058,0,0,0,16,0,5,11
1059,6,5,11,113,22,24,180
1060,3,5,5,51,13,19,180
1061,0,0,1,26,1,19,90
1062,0,0,0,16,0,24,150
1063,0,1,0,5,1,13,159
1064,0,0,0,31,0,23,51
1065,0,0,0,8,0,24,51
1066,0,0,0,12,0,13,55
1067,0,0,0,11,0,1,70
1068,0,1,2,51,3,22,155
1069,0,0,0,29,0,0,237
1070,6,2,2,40,10,11,215
1071,3,2,0,40,5,26,215
1072,2,4,4,29,10,9,215
1073,0,0,0,22,0,23,105
1074,0,0,0,12,0,21,24
1075,0,0,2,34,2,22,31
1076,2,0,0,44,2,4,215
1077,0,0,0,6,0,24,158
1078,0,0,0,4,0,12,159
1079,0,0,0,6,0,13,212
1080,0,0,0,4,0,14,43
1081,0,0,0,6,0,12,128
1082,0,0,0,7,0,1,132
1083,0,0,0,6,0,13,132
1084,1,0,0,15,1,12,40
1085,0,0,0,4,0,7,159
1086,0,0,0,7,0,13,166
1087,1,2,5,85,8,24,13
1088,0,0,0,4,0,14,135
1089,0,0,0,11,0,23,106
1090,0,0,0,4,0,1,65
1091,0,0,0,4,0,8,65
1092,0,1,3,20,4,22,108
1093,0,0,0,2,0,12,65
1094,0,0,0,6,0,20,3
1095,0,0,0,2,0,13,44
1096,0,0,0,2,0,7,65
1097,0,0,0,7,0,12,28
1098,0,0,0,9,0,13,28
1099,0,0,0,7,0,12,94
1100,0,1,1,39,2,8,179
1101,0,0,0,7,0,20,107
1102,0,2,2,63,4,12,56
1103,3,1,3,47,7,1,56
1104,0,1,0,44,1,25,172
1105,0,0,0,11,0,21,191
1106,0,0,0,5,0,0,191
1107,1,0,1,45,2,2,238
1108,7,10,9,90,26,19,104
1109,0,0,0,11,0,1,172
1110,0,1,0,12,1,13,172
1111,0,0,1,8,1,23,166
1112,1,2,0,47,3,3,80
1113,0,0,0,5,0,13,42
1114,1,0,1,30,2,11,13
1115,0,0,1,19,1,10,234
1116,1,3,0,60,4,7,202
1117,0,0,0,4,0,18,159
1118,1,1,1,81,3,14,216
1119,0,0,0,7,0,13,217
1120,0,0,0,4,0,7,99
1121,0,0,0,16,0,17,13
1122,23,14,11,100,48,22,238
1123,22,9,17,120,48,19,238
1124,2,4,0,51,6,14,14
1125,2,3,1,46,6,3,41
1126,5,4,5,109,14,22,13
1127,21,12,17,110,50,25,238
1128,1,4,1,27,6,13,114
1129,0,6,0,23,6,7,114
1130,1,0,1,26,2,14,114
1131,0,0,0,29,0,28,41
1132,3,0,1,66,4,8,110
1133,1,1,0,31,2,27,238
1134,0,0,0,34,0,29,41
1135,0,0,1,20,1,7,19
1136,0,0,0,15,0,14,19
1137,0,0,0,17,0,0,19
1138,0,0,2,12,2,8,225
1139,0,1,0,22,1,24,235
1140,0,0,1,30,1,13,73
1141,0,0,0,6,0,1,198
1142,0,0,0,10,0,13,198
1143,2,0,0,34,2,25,21
1144,0,0,0,5,0,14,61
1145,0,0,0,27,0,0,94
1146,0,0,0,27,0,20,114
1147,0,0,0,19,0,23,114
1148,0,0,0,10,0,12,19
1149,0,0,0,6,0,1,19
1150,0,0,0,34,0,1,68
1151,0,0,0,30,0,13,68
1152,0,0,1,7,1,25,239
1153,0,0,0,21,0,23,172
1154,0,0,1,29,1,0,172
1155,3,7,14,128,24,24,104
1156,0,0,0,2,0,4,11
1157,0,0,0,18,0,16,104
1158,0,0,0,13,0,27,104
1159,0,0,0,1,0,28,104
1160,0,0,0,36,0,2,80
1161,0,0,0,3,0,8,98
1162,0,0,0,6,0,14,6
1163,0,1,0,63,1,14,175
1164,0,0,0,11,0,1,6
1165,2,3,0,38,5,21,164
1166,0,1,0,26,1,12,45
1167,1,1,0,30,2,26,13
1168,0,2,1,44,3,9,13
1169,0,0,0,15,0,20,112
1170,0,0,0,40,0,18,95
1171,5,6,6,77,17,9,181
1172,0,0,0,17,0,18,226
1173,3,1,0,43,4,1,164
1174,0,0,0,8,0,3,146
1175,0,1,4,64,5,19,216
1176,0,0,0,14,0,6,13
1177,5,3,2,70,10,9,87
1178,2,2,3,64,7,9,14
1179,4,4,6,109,14,8,180
1180,0,0,1,59,1,20,209
1181,0,0,0,22,0,4,73
1182,0,0,0,9,0,23,55
1183,0,0,0,13,0,0,170
1184,0,0,0,49,0,7,242
1185,0,0,2,49,2,14,242
1186,0,0,1,74,1,23,176
1187,0,0,2,27,2,7,45
1188,0,0,0,9,0,12,103
1189,0,0,1,73,1,12,51
1190,0,0,0,19,0,0,55
1191,0,0,0,9,0,20,237
1192,0,1,2,40,3,24,143
1193,0,0,0,11,0,2,143
1194,0,0,0,15,0,3,143
1195,3,0,2,75,5,11,113
1196,0,0,1,27,1,29,113
1197,0,1,0,29,1,18,171
1198,0,1,0,14,1,21,171
1199,0,1,0,17,1,0,171
1200,0,0,0,15,0,21,134
1201,2,4,4,48,10,25,155
1202,0,1,4,51,5,11,80
1203,0,0,0,3,0,3,176
1204,0,0,0,3,0,4,176
1205,0,0,0,4,0,10,176
1206,0,0,0,16,0,0,43
1207,0,0,0,14,0,13,168
1208,0,0,0,12,0,20,70
1209,0,0,0,11,0,1,55
1210,0,1,0,25,1,18,219
1211,0,0,0,20,0,20,134
1212,1,2,3,61,6,12,240
1213,4,1,0,61,5,10,115
1214,0,0,0,12,0,0,199
1215,0,0,0,11,0,8,199
1216,0,0,0,2,0,14,221
1217,0,0,0,26,0,22,242
1218,0,0,0,3,0,8,63
1219,0,0,0,6,0,0,18
1220,0,0,0,6,0,13,84
1221,0,0,0,3,0,18,43
1222,0,0,0,4,0,21,43
1223,0,0,0,69,0,1,14
1224,1,1,0,26,2,15,87
1225,0,2,1,32,3,16,87
1226,2,1,0,65,3,7,14
1227,3,2,10,98,15,19,174
1228,1,4,4,64,9,21,220
1229,1,5,11,92,17,23,104
1230,3,0,1,53,4,26,216
1231,1,1,1,21,3,6,216
1232,0,0,0,26,0,17,216
1233,0,0,0,9,0,14,152
1234,0,2,2,28,4,7,107
1235,0,0,0,16,0,0,210
1236,2,0,1,16,3,7,16
1237,1,0,1,17,2,14,16
1238,0,1,1,20,2,12,16
1239,1,0,0,16,1,1,16
1240,1,0,1,19,2,13,16
1241,0,0,2,27,2,18,242
1242,0,0,0,15,0,0,192
1243,0,0,0,7,0,8,192
1244,0,0,0,4,0,7,192
1245,0,0,0,5,0,14,192
1246,0,0,0,15,0,22,125
1247,0,0,0,47,0,18,112
1248,0,0,0,21,0,21,112
1249,0,1,1,41,2,0,112
1250,0,0,0,8,0,0,135
1251,0,0,0,6,0,8,135
1252,0,0,2,44,2,13,112
1253,0,1,0,28,1,12,134
1254,0,0,0,16,0,21,63
1255,0,0,0,15,0,0,63
1256,1,2,2,41,5,13,219
1257,0,0,0,3,0,8,123
1258,0,0,0,15,0,18,235
1259,0,3,1,60,4,26,80
1260,0,0,0,9,0,12,88
1261,0,0,0,6,0,19,99
1262,0,0,0,5,0,20,24
1263,0,1,0,3,1,1,29
1264,0,0,0,8,0,13,29
1265,0,0,0,10,0,23,67
1266,0,2,0,67,2,0,14
1267,0,0,0,7,0,1,88
1268,1,1,3,25,5,20,119
1269,0,0,0,15,0,25,231
1270,1,1,0,43,2,23,164
1271,6,9,4,74,19,20,35
1272,5,3,6,103,14,13,178
1273,5,6,7,78,18,18,178
1274,11,7,9,191,27,21,178
1275,0,2,1,91,3,25,178
1276,0,1,1,41,2,19,178
1277,0,1,0,23,1,20,178
1278,0,0,0,11,0,25,39
1279,1,1,0,20,2,23,62
1280,9,3,8,114,20,0,178
1281,1,1,4,21,6,23,178
1282,7,12,2,140,21,8,178
1283,0,0,0,38,0,22,178
1284,11,5,8,119,24,12,178
1285,1,3,0,35,4,26,178
1286,2,1,3,32,6,12,62
1287,4,0,2,21,6,1,62
1288,3,0,3,48,6,0,62
1289,0,0,0,11,0,16,62
1290,7,8,7,128,22,14,178
1291,1,1,0,38,2,5,178
1292,4,0,1,33,5,11,178
1293,1,1,2,48,4,11,46
1294,0,2,2,26,4,10,46
1295,1,1,3,34,5,5,46
1296,11,13,5,127,29,8,46
1297,1,0,0,3,1,7,150
1298,0,0,0,1,0,14,34
1299,0,0,0,4,0,8,204
1300,0,0,0,39,0,5,20
1301,0,1,0,27,1,11,20
1302,3,1,5,57,9,22,180
1303,0,0,0,10,0,2,90
1304,0,0,0,13,0,3,90
1305,0,0,0,10,0,4,90
1306,0,0,0,11,0,10,90
1307,8,4,7,35,19,18,220
1308,0,0,0,21,0,19,68
1309,1,2,2,53,5,14,56
1310,0,0,0,9,0,15,10
1311,0,2,0,27,2,27,14
1312,0,0,1,20,1,28,14
1313,1,1,3,63,5,0,64
1314,2,6,8,52,16,13,64
1315,2,3,1,40,6,22,64
1316,2,1,5,52,8,14,64
1317,4,2,2,20,8,27,164
1318,0,2,1,27,3,28,164
1319,2,0,3,35,5,25,64
1320,6,5,4,41,15,26,164
1321,1,0,2,38,3,23,64
1322,1,3,3,47,7,19,64
1323,3,2,3,55,8,12,64
1324,2,4,2,62,8,1,64
1325,0,2,1,27,3,29,164
1326,0,2,3,29,5,18,64
1327,0,0,1,22,1,25,110
1328,0,0,0,22,0,21,94
1329,0,0,0,7,0,19,22
1330,2,2,7,47,11,21,157
1331,1,3,3,80,7,0,157
1332,1,2,1,77,4,8,157
1333,0,1,0,26,1,6,41
1334,2,3,2,49,7,10,41
1335,0,0,0,9,0,23,95
1336,3,4,3,96,10,19,13
1337,0,1,1,21,2,15,41
1338,2,0,1,28,3,17,41
1339,3,2,1,26,6,27,215
1340,0,0,2,57,2,14,51
1341,1,2,1,19,4,1,119
1342,1,0,0,70,1,11,115
1343,0,2,1,59,3,26,115
1344,0,0,0,23,0,20,196
1345,0,0,0,13,0,22,51
1346,0,0,0,3,0,8,38
1347,0,0,0,5,0,13,38
1348,0,0,0,14,0,4,209
1349,0,0,0,8,0,10,209
1350,0,0,0,7,0,18,141
1351,0,0,1,50,1,7,175
1352,0,0,0,5,0,27,90
1353,0,0,0,27,0,26,180
1354,1,3,5,68,9,25,180
1355,0,0,0,7,0,16,180
1356,3,9,3,44,15,21,180
1357,1,3,3,137,7,13,174
1358,0,0,0,26,0,11,124
1359,0,0,0,17,0,8,59
1360,0,0,0,16,0,0,105
1361,0,0,0,21,0,23,237
1362,1,0,0,19,1,16,234
1363,0,0,0,21,0,27,234
1364,1,1,3,50,5,1,110
1365,0,0,0,10,0,20,132
1366,0,0,0,8,0,14,132
1367,0,0,0,6,0,12,132
1368,0,0,0,18,0,24,132
1369,2,6,7,114,15,0,180
1370,0,0,0,49,0,22,131
1371,0,3,3,99,6,14,60
1372,2,1,2,92,5,7,60
1373,1,3,1,120,5,19,41
1374,0,0,1,20,1,14,146
1375,0,2,3,27,5,1,146
1376,6,5,8,69,19,25,174
1377,0,0,1,22,1,13,67
1378,0,0,1,37,1,7,106
1379,0,0,0,9,0,20,131
1380,0,0,1,69,1,26,113
1381,0,0,0,28,0,9,35
1382,3,5,4,77,12,8,35
1383,0,0,0,17,0,12,172
1384,0,0,0,13,0,17,10
1385,0,0,0,15,0,21,103
1386,0,0,0,7,0,8,103
1387,0,0,0,10,0,9,90
1388,4,5,0,76,9,7,35
1389,0,0,0,7,0,6,35
1390,0,0,0,9,0,16,35
1391,0,0,0,8,0,27,35
1392,1,0,0,33,1,17,113
1393,0,0,0,13,0,2,180
1394,0,0,0,11,0,11,45
1395,2,3,2,48,7,19,220
1396,1,1,2,64,4,1,203
1397,0,0,0,4,0,10,15
1398,0,0,0,9,0,14,88
1399,0,0,0,18,0,25,131
1400,1,1,0,29,2,0,107
1401,0,0,0,33,0,18,175
1402,0,0,0,13,0,16,220
1403,0,0,0,12,0,27,220
1404,0,1,0,29,1,26,124
1405,2,1,0,62,3,22,220
1406,0,1,2,45,3,18,21
1407,0,0,0,8,0,21,212
1408,0,0,0,5,0,19,27
1409,2,2,0,80,4,8,216
1410,0,6,0,76,6,7,216
1411,2,0,2,32,4,25,157
1412,1,0,1,25,2,19,157
1413,0,0,0,5,0,1,167
1414,0,0,0,8,0,0,71
1415,0,0,0,7,0,11,125
1416,8,4,5,95,17,1,104
1417,7,1,3,103,11,13,104
1418,0,0,0,9,0,29,180
1419,0,0,0,10,0,6,180
1420,0,0,0,27,0,4,180
1421,0,0,0,22,0,10,180
1422,0,0,0,26,0,5,180
1423,0,0,0,31,0,11,180
1424,0,0,0,19,0,0,26
1425,0,0,1,9,1,24,99
1426,0,2,0,19,2,22,106
1427,0,2,3,51,5,1,106
1428,0,0,1,34,1,10,118
1429,0,0,0,4,0,26,15
1430,2,1,1,55,4,9,174
1431,4,3,5,77,12,14,180
1432,1,1,2,25,4,8,114
1433,1,4,1,61,6,5,113
1434,1,0,0,62,1,21,14
1435,0,0,0,5,0,5,5
1436,0,0,0,8,0,11,5
1437,1,3,0,102,4,12,60
1438,1,2,2,95,5,1,60
1439,1,1,5,86,7,13,60
1440,2,1,2,9,5,19,108
1441,0,0,0,8,0,25,1
1442,1,0,0,37,1,22,90
1443,1,0,0,21,1,28,113
1444,37,13,15,193,65,12,46
1445,0,0,0,5,0,14,123
1446,0,0,0,3,0,27,149
1447,0,0,0,3,0,25,125
1448,0,0,0,6,0,13,23
1449,0,0,0,16,0,3,124
1450,0,0,0,19,0,17,180
1451,0,0,0,37,0,3,180
1452,0,0,0,8,0,3,31
1453,0,0,0,1,0,10,31
1454,0,0,2,64,2,21,21
1455,0,1,2,67,3,0,21
1456,2,2,2,50,6,8,21
1457,0,2,3,60,5,7,21
1458,0,1,2,38,3,2,14
1459,2,2,2,33,6,3,14
1460,0,0,0,15,0,0,9
1461,0,0,0,14,0,13,239
1462,3,2,1,60,6,1,206
1463,0,0,0,7,0,7,137
1464,0,0,0,14,0,0,67
1465,0,0,0,17,0,21,95
1466,0,0,0,9,0,12,228
1467,0,1,1,31,2,12,124
1468,0,0,0,3,0,3,26
1469,0,0,0,3,0,2,26
1470,0,0,0,44,0,8,51
1471,0,0,0,18,0,8,45
1472,0,0,0,34,0,19,51
1473,0,0,0,19,0,25,51
1474,0,1,0,34,1,18,51
1475,0,0,0,44,0,26,118
1476,0,0,0,26,0,21,105
1477,0,0,0,12,0,21,150
1478,0,0,0,36,0,1,45
1479,2,1,1,28,4,27,80
1480,0,0,0,22,0,15,80
1481,1,1,0,17,2,16,80
1482,0,1,1,22,2,8,107
1483,0,0,1,30,1,27,41
1484,0,0,0,6,0,22,99
1485,0,0,0,15,0,19,225
1486,0,0,0,15,0,18,225
1487,0,0,0,6,0,6,157
1488,1,1,1,61,3,20,157
1489,0,0,0,32,0,14,110
1490,0,1,2,41,3,12,110
1491,0,0,0,8,0,2,176
1492,2,2,0,39,4,12,219
1493,0,1,1,35,2,1,219
1494,0,0,0,19,0,9,130
1495,0,0,0,13,0,15,216
1496,0,0,0,42,0,25,219
1497,0,0,0,11,0,21,131
1498,0,0,0,8,0,7,131
1499,0,0,0,26,0,13,124
1500,0,0,0,4,0,29,5
1501,0,0,0,13,0,24,59
1502,0,0,0,18,0,14,95
1503,0,0,0,13,0,12,95
1504,0,0,0,13,0,24,68
1505,0,0,0,14,0,12,70
1506,0,0,0,17,0,2,10
1507,0,0,0,15,0,19,158
1508,0,1,0,21,1,1,67
1509,0,0,0,22,0,8,171
1510,0,0,0,7,0,15,209
1511,0,0,0,4,0,13,5
1512,0,0,0,12,0,25,112
1513,0,0,0,4,0,6,59
1514,0,0,0,4,0,17,59
1515,0,0,0,6,0,2,59
1516,0,0,0,6,0,3,59
1517,1,4,6,95,11,0,155
1518,0,0,0,22,0,20,219
1519,0,0,0,15,0,1,171
1520,0,0,0,17,0,22,219
1521,0,0,0,3,0,6,90
1522,0,0,0,5,0,17,90
1523,2,0,0,51,2,0,90
1524,0,0,0,3,0,7,98
1525,1,0,0,19,1,12,225
1526,0,0,0,17,0,20,225
1527,0,0,0,36,0,2,234
1528,0,0,0,31,0,3,234
1529,0,0,0,7,0,29,157
1530,0,0,0,39,0,22,110
1531,3,5,2,117,10,12,104
1532,0,1,0,17,1,12,105
1533,0,0,0,20,0,1,105
1534,0,0,0,7,0,17,105
1535,0,0,0,4,0,21,33
1536,0,0,0,6,0,5,31
1537,0,0,0,9,0,11,31
1538,2,1,0,27,3,16,14
1539,0,4,2,43,6,10,14
1540,0,0,0,10,0,4,105
1541,0,0,0,6,0,10,105
1542,0,0,0,42,0,1,112
1543,0,0,0,34,0,7,226
1544,0,1,0,24,1,28,80
1545,0,0,1,20,1,29,80
1546,0,1,0,35,1,23,242
1547,0,0,0,8,0,20,1
1548,1,0,0,21,1,14,67
1549,1,0,1,23,2,14,45
1550,0,0,0,9,0,14,55
1551,0,0,0,10,0,20,26
1552,0,0,0,31,0,12,176
1553,0,0,0,18,0,5,10
1554,0,0,0,10,0,1,141
1555,0,0,0,16,0,0,125
1556,0,0,0,20,0,18,125
1557,0,0,0,21,0,4,124
1558,0,0,2,17,2,1,179
1559,0,1,0,41,1,10,232
1560,0,0,0,20,0,13,59
1561,0,0,0,23,0,16,115
1562,1,0,1,39,2,14,112
1563,0,0,0,8,0,20,168
1564,0,0,6,35,6,7,86
1565,2,2,0,34,4,14,86
1566,1,3,1,18,5,19,119
1567,0,0,0,4,0,19,26
1568,0,0,0,12,0,18,26
1569,0,0,0,4,0,6,26
1570,2,1,2,70,5,12,216
1571,0,0,0,8,0,9,105
1572,1,1,1,8,3,14,248
1573,0,0,0,22,0,18,78
1574,0,0,0,32,0,21,78
1575,0,0,0,5,0,14,92
1576,1,0,0,9,1,21,213
1577,0,0,0,7,0,0,213
1578,8,1,3,54,12,9,164
1579,2,2,2,37,6,0,227
1580,0,0,0,3,0,7,72
1581,0,1,2,36,3,4,14
1582,0,0,0,22,0,5,124
1583,3,4,1,40,8,4,41
1584,0,0,0,5,0,8,71
1585,0,0,0,29,0,18,172
1586,0,0,0,19,0,19,219
1587,0,0,1,33,1,23,219
1588,0,0,0,3,0,18,204
1589,0,0,0,1,0,0,204
1590,0,0,0,20,0,19,45
1591,0,0,0,10,0,29,35
1592,0,0,0,12,0,17,35
1593,1,0,0,14,1,14,40
1594,0,0,0,7,0,8,228
1595,0,0,0,8,0,7,228
1596,0,0,0,4,0,20,99
1597,0,0,0,4,0,13,52
1598,0,0,0,20,0,21,19
1599,0,0,0,8,0,1,94
1600,0,0,0,6,0,12,137
1601,0,0,0,7,0,13,128
1602,0,0,0,17,0,6,80
1603,0,0,1,24,1,17,80
1604,0,1,0,22,1,21,196
1605,0,0,0,20,0,0,196
1606,0,0,1,43,1,1,47
1607,0,0,0,33,0,12,47
1608,0,0,0,33,0,13,47
1609,0,0,0,49,0,21,47
1610,0,0,0,39,0,0,47
1611,0,1,0,7,1,1,84
1612,0,0,0,16,0,11,209
1613,0,1,1,45,2,22,206
1614,0,1,0,28,1,6,113
1615,1,2,1,48,4,24,14
1616,1,0,1,71,2,18,14
1617,0,0,0,4,0,13,187
1618,0,0,0,7,0,13,150
1619,0,0,0,7,0,12,100
1620,0,0,0,10,0,7,132
1621,0,0,0,21,0,7,141
1622,0,0,0,5,0,13,144
1623,0,0,0,6,0,8,33
1624,0,0,0,9,0,18,191
1625,0,0,0,6,0,1,151
1626,0,0,2,28,2,7,73
1627,0,0,0,10,0,14,198
1628,1,1,0,80,2,22,14
1629,0,0,1,44,1,23,14
1630,0,0,0,15,0,21,169
1631,0,0,0,7,0,21,70
1632,0,0,1,43,1,7,112
1633,0,0,1,46,1,12,112
1634,0,0,0,20,0,18,103
1635,0,0,0,27,0,0,95
1636,0,0,1,27,1,21,146
1637,0,2,0,44,2,20,90
1638,0,0,0,10,0,21,59
1639,0,0,0,17,0,0,59
1640,1,1,0,34,2,8,11
1641,0,0,1,25,1,7,11
1642,0,0,0,11,0,21,61
1643,0,0,1,23,1,7,119
1644,0,0,0,17,0,20,105
1645,0,0,0,3,0,17,125
1646,0,1,1,7,2,25,226
1647,1,0,1,5,2,19,226
1648,0,0,0,38,0,14,226
1649,0,0,0,14,0,11,227
1650,0,0,0,9,0,26,227
1651,0,0,0,8,0,20,151
1652,0,0,0,7,0,20,61
1653,0,0,0,8,0,23,61
1654,0,0,0,16,0,18,133
1655,0,0,0,16,0,21,133
1656,0,0,0,5,0,13,222
1657,0,0,0,26,0,24,171
1658,0,0,0,7,0,29,227
1659,0,0,0,5,0,19,1
1660,0,0,0,67,0,5,115
1661,0,0,0,5,0,14,1
1662,0,0,1,3,1,12,1
1663,0,0,1,5,1,1,1
1664,0,0,0,6,0,11,11
1665,0,0,0,2,0,26,149
1666,0,0,0,17,0,1,196
1667,0,1,2,43,3,9,46
1668,0,0,0,2,0,13,140
1669,0,0,0,16,0,12,196
1670,0,0,0,27,0,23,196
1671,6,4,8,88,18,18,46
1672,0,0,0,3,0,13,246
1673,0,0,0,21,0,18,196
1674,0,0,2,7,2,27,155
1675,1,2,1,6,4,28,155
1676,0,0,0,21,0,7,146
1677,2,2,2,54,6,14,202
1678,0,0,0,13,0,25,247
1679,0,0,1,34,1,26,202
1680,0,0,0,34,0,5,202
1681,0,0,0,23,0,3,220
1682,0,0,0,8,0,4,28
1683,0,1,3,63,4,14,203
1684,4,3,1,40,8,13,56
1685,0,0,0,16,0,0,169
1686,0,0,1,26,1,20,106
1687,0,0,0,5,0,14,63
1688,0,1,0,39,1,11,202
1689,0,0,0,23,0,4,202
1690,0,0,0,9,0,8,198
1691,0,0,0,18,0,27,174
1692,1,0,0,16,1,28,174
1693,0,0,0,26,0,29,174
1694,0,0,1,32,1,29,14
1695,0,3,1,19,4,29,216
1696,0,0,0,10,0,1,125
1697,0,0,0,22,0,24,196
1698,0,0,0,17,0,14,196
1699,0,0,1,30,1,0,146
1700,2,2,0,25,4,12,146
1701,0,0,0,19,0,17,178
1702,0,0,0,22,0,2,178
1703,7,7,8,122,22,7,178
1704,7,7,6,121,20,1,178
1705,0,1,1,53,2,19,21
1706,0,1,0,51,1,20,21
1707,0,0,0,13,0,22,176
1708,0,0,0,2,0,19,136
1709,0,0,0,7,0,12,136
1710,0,0,1,31,1,0,130
1711,0,0,0,4,0,12,84
1712,0,0,0,7,0,21,97
1713,0,0,0,11,0,0,97
1714,0,0,0,6,0,7,97
1715,0,0,0,23,0,12,68
1716,0,0,0,9,0,23,149
1717,0,0,0,31,0,14,134
1718,0,0,0,64,0,8,0
1719,0,0,0,2,0,8,193
1720,0,0,0,6,0,14,154
1721,0,0,1,9,1,25,225
1722,0,0,0,5,0,14,9
1723,0,0,0,5,0,12,9
1724,0,0,0,4,0,1,9
1725,0,0,0,6,0,13,9
1726,1,0,0,32,1,4,232
1727,0,0,0,35,0,17,220
1728,0,0,0,21,0,10,202
1729,0,0,0,39,0,9,202
1730,0,0,0,5,0,8,53
1731,0,0,0,5,0,7,53
1732,0,0,0,5,0,14,53
1733,0,0,0,5,0,12,53
1734,0,0,0,6,0,1,53
1735,0,0,0,8,0,21,42
1736,2,0,3,55,5,26,60
1737,2,4,1,59,7,9,60
1738,4,2,3,102,9,8,60
1739,0,0,0,3,0,13,1
1740,0,1,0,38,1,20,146
1741,0,1,0,28,1,23,146
1742,3,2,4,116,9,14,174
1743,0,0,0,9,0,18,63
1744,0,0,0,6,0,13,220
1745,0,0,0,2,0,19,217
1746,0,0,0,10,0,26,179
1747,1,1,1,30,3,25,220
1748,1,0,0,50,1,5,60
1749,0,1,1,52,2,11,60
1750,1,2,0,46,3,13,202
1751,1,1,1,66,3,8,202
1752,5,5,3,121,13,7,174
1753,0,0,0,29,0,25,146
1754,0,1,0,26,1,21,237
1755,0,0,0,5,0,1,26
1756,0,0,0,16,0,5,90
1757,0,0,0,32,0,19,110
1758,0,0,0,54,0,20,110
1759,0,0,0,6,0,8,190
1760,0,0,0,4,0,7,190
1761,0,0,0,18,0,10,104
1762,0,0,0,30,0,5,104
1763,0,0,0,5,0,8,29
1764,0,0,0,6,0,18,29
1765,0,0,0,11,0,12,29
1766,0,0,0,39,0,21,248
1767,0,0,0,1,0,9,224
1768,0,0,0,3,0,7,222
1769,0,0,0,11,0,9,10
1770,0,0,0,4,0,27,108
1771,0,0,0,4,0,28,108
1772,0,0,0,26,0,24,247
1773,1,3,0,12,4,12,248
1774,2,4,7,93,13,21,174
1775,2,1,2,26,5,24,64
1776,0,0,0,5,0,13,97
1777,0,0,0,2,0,19,97
1778,0,0,0,2,0,14,199
1779,2,0,2,70,4,21,64
1780,0,0,0,1,0,2,94
1781,0,0,0,32,0,4,118
1782,0,0,0,6,0,1,145
1783,0,0,0,11,0,20,129
1784,0,0,0,12,0,16,146
1785,0,0,0,19,0,6,46
1786,0,0,0,26,0,17,46
1787,0,0,0,27,0,20,242
1788,0,0,0,5,0,8,187
1789,0,0,0,20,0,23,112
1790,0,0,0,21,0,19,112
1791,0,0,0,5,0,19,103
1792,0,0,0,11,0,7,68
1793,0,0,0,8,0,26,45
1794,0,0,0,12,0,9,45
1795,0,0,0,5,0,14,103
1796,6,4,4,113,14,8,174
1797,1,0,0,16,1,14,119
1798,0,0,0,8,0,0,42
1799,0,0,0,7,0,8,42
1800,1,0,0,14,1,13,78
1801,0,0,0,10,0,1,217
1802,0,0,0,9,0,13,125
1803,0,0,0,10,0,27,180
1804,0,0,0,9,0,7,198
1805,1,0,0,28,1,6,234
1806,1,0,0,26,1,17,234
1807,0,0,0,16,0,25,248
1808,0,0,0,7,0,8,5
1809,0,0,1,26,1,4,13
1810,0,0,1,22,1,10,13
1811,0,0,0,15,0,8,239
1812,0,1,0,15,1,7,239
1813,0,2,0,5,2,14,170
1814,0,0,0,13,0,10,130
1815,0,0,0,12,0,5,130
1816,0,0,0,4,0,7,71
1817,0,0,0,8,0,18,33
1818,1,2,1,65,4,14,206
1819,0,0,0,3,0,19,63
1820,0,0,0,10,0,8,9
1821,0,0,0,4,0,7,9
1822,0,0,0,10,0,20,45
1823,0,0,0,2,0,25,55
1824,0,0,0,12,0,18,99
1825,0,0,0,3,0,27,125
1826,0,0,0,2,0,19,145
1827,0,0,0,5,0,20,145
1828,0,0,0,7,0,23,145
1829,0,0,0,8,0,5,45
1830,0,0,0,13,0,12,171
1831,0,0,0,13,0,20,16
1832,0,0,0,6,0,26,110
1833,0,0,0,20,0,13,95
1834,0,0,0,8,0,12,237
1835,0,0,0,5,0,12,97
1836,0,0,0,4,0,1,97
1837,3,2,1,48,6,12,202
1838,0,1,3,48,4,1,202
1839,0,0,0,24,0,28,234
1840,0,0,0,4,0,15,104
1841,0,0,0,6,0,18,92
1842,0,0,0,8,0,12,92
1843,0,0,0,27,0,21,6
1844,0,0,0,8,0,13,169
1845,0,0,0,12,0,9,157
1846,0,0,0,6,0,1,99
1847,0,0,0,8,0,14,29
1848,0,0,0,10,0,14,228
1849,0,0,0,6,0,7,29
1850,0,0,0,18,0,21,154
1851,0,0,0,9,0,24,154
1852,0,0,0,14,0,13,248
1853,0,0,0,4,0,13,85
1854,0,0,0,6,0,8,186
1855,0,0,0,4,0,7,186
1856,0,0,0,5,0,20,53
1857,1,2,1,41,4,13,203
1858,0,0,0,2,0,4,146
1859,0,0,0,14,0,20,19
1860,1,0,0,21,1,10,35
1861,0,0,0,28,0,5,35
1862,0,0,0,9,0,8,168
1863,0,0,0,7,0,7,168
1864,0,0,0,15,0,21,129
1865,0,0,0,2,0,7,52
1866,0,0,0,7,0,22,145
1867,0,0,0,9,0,21,145
1868,0,0,0,1,0,25,145
1869,0,0,0,3,0,29,192
1870,0,0,0,3,0,10,146
1871,0,0,0,4,0,5,146
1872,0,0,1,53,1,8,14
1873,0,0,0,39,0,11,203
1874,0,0,0,42,0,26,203
1875,0,0,1,38,1,9,203
1876,0,0,0,7,0,8,170
1877,3,1,0,40,4,26,14
1878,0,0,0,5,0,21,204
1879,0,0,0,11,0,25,151
1880,0,0,0,7,0,27,146
1881,0,0,1,15,1,8,146
1882,0,0,0,10,0,12,231
1883,0,0,0,17,0,18,19
1884,0,0,0,7,0,12,235
1885,0,0,0,3,0,7,235
1886,0,0,0,7,0,14,235
1887,0,1,0,24,1,11,35
1888,0,0,0,10,0,1,228
1889,0,1,3,22,4,19,146
1890,1,2,0,8,3,29,155
1891,0,0,0,9,0,8,24
1892,2,0,0,19,2,5,13
1893,0,0,0,4,0,12,187
1894,0,0,0,4,0,1,187
1895,0,0,0,12,0,21,26
1896,1,0,0,44,1,7,51
1897,0,0,0,8,0,10,28
1898,0,0,0,4,0,5,28
1899,0,0,0,8,0,27,129
1900,0,0,1,10,1,29,129
1901,0,0,1,13,1,2,129
1902,0,1,0,17,1,5,155
1903,0,0,0,11,0,11,157
1904,0,0,0,11,0,13,19
1905,0,0,0,9,0,13,54
1906,3,0,3,29,6,12,86
1907,0,0,0,24,0,8,141
1908,0,0,0,12,0,7,237
1909,0,0,0,12,0,12,2
1910,0,0,0,9,0,1,2
1911,0,0,0,12,0,4,10
1912,0,1,0,11,1,20,226
1913,0,0,0,4,0,17,26
1914,0,0,0,10,0,18,27
1915,0,0,2,25,2,4,234
1916,0,1,0,45,1,2,41
1917,0,0,0,5,0,5,112
1918,0,0,0,8,0,21,22
1919,0,0,0,25,0,0,103
1920,0,0,0,8,0,9,110
1921,0,0,0,8,0,10,157
1922,0,0,0,11,0,8,237
1923,0,0,0,3,0,7,199
1924,1,0,1,46,2,7,124
1925,0,0,0,5,0,19,24
1926,0,0,1,12,1,23,24
1927,0,0,0,10,0,18,53
1928,0,0,0,7,0,21,53
1929,0,0,0,14,0,0,226
1930,0,0,0,20,0,26,104
1931,0,0,0,12,0,6,220
1932,0,1,1,21,2,2,220
1933,0,0,0,5,0,15,105
1934,0,0,0,5,0,16,105
1935,0,0,0,3,0,27,105
1936,0,0,0,11,0,1,103
1937,0,2,0,8,2,8,152
1938,0,0,0,10,0,8,70
1939,0,0,0,9,0,8,94
1940,0,0,0,6,0,18,199
1941,0,0,0,18,0,18,9
1942,0,0,0,3,0,11,3
1943,0,0,0,7,0,28,220
1944,0,0,0,24,0,9,104
1945,0,0,0,30,0,3,104
1946,0,0,0,19,0,4,104
1947,0,0,0,22,0,3,203
1948,4,0,4,20,8,9,155
1949,0,2,1,28,3,0,124
1950,0,1,0,46,1,8,124
1951,1,0,1,39,2,14,21
1952,0,0,2,17,2,6,14
1953,0,2,1,21,3,16,79
1954,0,0,0,16,0,18,170
1955,1,1,0,46,2,0,110
1956,0,0,0,9,0,1,191
1957,0,0,0,5,0,7,5
1958,0,0,0,6,0,14,5
1959,0,0,0,5,0,12,5
1960,0,0,0,6,0,1,5
1961,1,0,0,7,1,1,92
1962,0,0,0,3,0,2,175
1963,0,0,0,4,0,7,145
1964,0,0,0,31,0,18,237
1965,0,0,0,4,0,20,67
1966,1,1,1,8,3,6,155
1967,0,0,0,13,0,21,192
1968,0,0,0,8,0,14,100
1969,0,0,0,5,0,0,5
1970,0,0,0,4,0,2,145
1971,0,0,0,3,0,3,145
1972,0,0,0,4,0,4,145
1973,0,0,0,3,0,10,145
1974,0,1,0,23,1,25,57
1975,1,0,1,14,2,15,14
1976,0,0,0,4,0,16,125
1977,0,0,0,5,0,18,132
1978,0,0,0,8,0,13,137
1979,0,0,0,3,0,20,137
1980,0,0,0,7,0,13,154
1981,0,0,0,6,0,7,74
1982,0,0,0,1,0,20,36
1983,0,2,0,13,2,10,64
1984,0,0,0,4,0,5,64
1985,0,0,0,3,0,19,129
1986,0,1,1,49,2,26,174
1987,0,0,1,11,1,15,174
1988,0,0,0,25,0,16,174
1989,6,2,2,33,10,11,14
1990,0,0,0,21,0,2,13
1991,0,0,0,5,0,8,43
1992,0,0,2,32,2,0,203
1993,0,0,0,14,0,9,31
1994,0,0,0,5,0,14,84
1995,0,0,0,8,0,0,53
1996,0,0,0,6,0,1,37
1997,0,0,0,11,0,3,64
1998,0,0,0,11,0,21,127
1999,0,0,0,4,0,17,227
2000,0,0,0,6,0,2,227
2001,0,0,0,6,0,3,227
2002,0,0,0,9,0,0,2
2003,0,0,0,5,0,7,12
2004,0,0,0,4,0,14,12
2005,0,0,0,7,0,8,2
2006,0,1,1,32,2,7,179
2007,0,0,0,31,0,14,179
2008,0,0,0,9,0,8,210
2009,0,0,0,9,0,8,6
2010,0,1,2,40,3,12,197
2011,0,0,0,8,0,5,105
2012,0,0,0,9,0,11,105
2013,0,0,0,5,0,26,105
2014,0,0,0,10,0,3,105
2015,0,0,0,16,0,8,248
2016,0,0,0,19,0,7,248
2017,0,0,0,5,0,9,0
2018,0,3,0,21,3,0,114
2019,0,0,0,7,0,27,157
2020,0,0,0,3,0,28,21
2021,0,0,0,9,0,29,21
2022,0,0,0,4,0,3,21
2023,0,0,0,6,0,4,21
2024,0,0,2,7,2,7,55
2025,0,0,0,14,0,14,171
2026,0,0,0,15,0,7,95
2027,0,0,0,4,0,1,220
2028,0,0,0,3,0,20,213
2029,1,0,2,20,3,26,155
2030,1,2,1,19,4,2,79
2031,1,0,2,28,3,3,79
2032,0,0,0,8,0,0,129
2033,0,0,0,2,0,8,129
2034,0,0,0,5,0,19,237
2035,0,0,0,14,0,6,174
2036,0,0,0,20,0,8,95
2037,0,0,0,1,0,10,242
2038,0,0,0,2,0,5,242
2039,0,0,0,27,0,4,174
2040,0,1,3,16,4,27,216
2041,0,0,0,3,0,12,199
2042,0,0,0,17,0,12,131
2043,1,0,0,4,1,12,168
2044,0,0,0,8,0,18,42
2045,0,0,0,6,0,18,222
2046,0,1,1,46,2,11,174
2047,0,1,0,3,1,21,27
2048,0,0,0,11,0,21,170
2049,0,0,0,6,0,8,154
2050,0,0,0,32,0,0,78
2051,0,1,1,36,2,24,110
2052,0,0,0,5,0,7,154
2053,0,0,0,4,0,15,45
2054,0,0,0,4,0,16,45
2055,0,0,0,5,0,7,169
2056,0,0,0,6,0,14,169
2057,0,0,0,9,0,12,169
2058,0,0,0,1,0,10,119
2059,0,0,0,2,0,5,119
2060,0,0,0,1,0,11,119
2061,0,0,0,26,0,10,203
2062,0,0,1,33,1,5,203
2063,0,0,0,17,0,22,107
2064,0,0,0,7,0,0,225
2065,0,0,0,2,0,9,146
2066,0,0,0,15,0,8,78
2067,0,0,0,15,0,21,242
2068,1,3,3,28,7,1,86
2069,0,0,0,5,0,18,210
2070,0,0,0,9,0,21,210
2071,0,0,0,5,0,17,192
2072,0,0,0,27,0,18,192
2073,0,0,0,7,0,23,131
2074,0,0,0,5,0,14,144
2075,0,0,0,10,0,8,137
2076,0,0,0,4,0,12,193
2077,0,0,0,3,0,13,193
2078,0,0,0,3,0,12,43
2079,0,0,0,15,0,18,198
2080,3,1,4,38,8,14,219
2081,0,0,1,46,1,0,219
2082,0,0,0,11,0,17,155
2083,0,0,0,8,0,8,218
2084,0,0,0,5,0,18,71
2085,0,0,0,7,0,21,71
2086,0,0,0,6,0,22,137
2087,0,0,0,5,0,1,137
2088,0,0,0,11,0,24,105
2089,0,0,0,2,0,11,122
2090,1,0,0,28,1,11,73
2091,0,2,0,15,2,10,155
2092,1,1,1,21,3,11,155
2093,0,0,0,16,0,3,209
2094,0,0,0,16,0,8,220
2095,0,0,1,14,1,7,220
2096,0,0,0,6,0,1,43
2097,0,0,0,9,0,11,206
2098,0,0,0,10,0,11,145
2099,0,0,0,4,0,23,213
2100,0,0,0,5,0,0,84
2101,0,0,0,9,0,13,53
2102,0,0,0,2,0,21,84
2103,0,0,0,6,0,13,43
2104,0,0,0,5,0,3,3
2105,0,0,0,3,0,14,222
2106,0,0,1,3,1,12,222
2107,0,0,0,6,0,8,84
2108,0,0,0,16,0,24,123
2109,0,0,0,11,0,13,196
2110,0,0,0,6,0,7,84
2111,0,0,0,4,0,25,27
2112,0,0,0,7,0,16,21
2113,0,0,0,16,0,25,242
2114,1,0,0,16,1,19,242
2115,0,0,0,28,0,13,171
2116,1,2,2,56,5,12,203
2117,0,0,0,3,0,9,15
2118,0,0,1,28,1,12,179
2119,0,0,0,4,0,24,131
2120,0,0,0,6,0,1,158
2121,0,0,0,18,0,26,157
2122,0,0,0,2,0,13,153
2123,0,0,0,52,0,7,110
2124,0,0,0,9,0,28,180
2125,1,0,0,3,1,4,240
2126,1,0,0,12,1,8,55
2127,0,0,0,8,0,12,55
2128,0,0,0,8,0,11,179
2129,0,0,0,16,0,25,114
2130,0,1,0,16,1,9,56
2131,0,1,0,17,1,8,172
2132,0,0,0,22,0,7,172
2133,0,0,0,21,0,14,172
2134,0,0,0,6,0,27,45
2135,0,0,0,12,0,12,239
2136,0,0,0,3,0,8,92
2137,0,0,0,7,0,16,13
2138,0,1,1,4,2,15,155
2139,0,0,0,21,0,0,24
2140,0,0,0,7,0,7,24
2141,0,0,0,22,0,19,114
2142,0,0,0,9,0,1,54
2143,0,0,0,3,0,0,4
2144,0,0,0,6,0,8,4
2145,0,0,0,2,0,5,114
2146,0,0,0,19,0,21,9
2147,0,2,1,12,3,26,56
2148,0,0,0,9,0,2,95
2149,0,0,0,12,0,18,169
2150,0,0,0,5,0,13,98
2151,0,0,0,4,0,12,192
2152,0,0,0,6,0,22,129
2153,0,0,0,3,0,25,129
2154,0,0,0,7,0,18,129
2155,0,0,0,11,0,3,129
2156,0,0,0,12,0,4,129
2157,0,0,0,13,0,10,129
2158,0,0,0,10,0,5,129
2159,0,0,0,10,0,11,129
2160,0,0,0,4,0,26,129
2161,0,0,0,9,0,23,129
2162,0,0,0,9,0,14,141
2163,0,0,0,4,0,10,179
2164,0,0,0,9,0,5,179
2165,0,0,0,5,0,13,123
2166,0,0,0,7,0,28,129
2167,0,0,0,1,0,16,106
2168,0,0,0,3,0,27,106
2169,0,0,0,9,0,14,78
2170,0,0,0,6,0,12,78
2171,0,0,0,6,0,25,210
2172,0,0,0,15,0,9,197
2173,0,0,0,7,0,1,24
2174,0,0,0,10,0,20,95
2175,0,0,0,13,0,0,28
2176,0,0,0,11,0,18,24
2177,0,0,0,13,0,29,13
2178,0,0,0,4,0,14,99
2179,0,0,0,4,0,12,99
2180,0,0,0,10,0,19,19
2181,0,0,0,35,0,23,110
2182,0,0,0,48,0,21,110
2183,0,0,0,8,0,0,235
2184,0,0,0,31,0,7,176
2185,0,0,0,6,0,18,182
2186,0,0,0,11,0,0,247
2187,0,0,0,8,0,12,247
2188,0,0,0,12,0,21,247
2189,0,0,0,8,0,7,247
2190,0,0,0,5,0,9,112
2191,0,0,0,7,0,13,182
2192,0,0,0,14,0,24,6
2193,0,0,0,3,0,13,221
2194,0,0,0,13,0,7,67
2195,0,0,0,15,0,0,68
2196,0,0,0,7,0,1,18
2197,3,4,6,138,13,21,46
2198,2,1,1,41,4,26,46
2199,1,0,0,18,1,8,68
2200,0,0,0,6,0,10,10
2201,0,0,0,15,0,14,68
2202,0,0,0,9,0,8,26
2203,0,0,0,7,0,12,26
2204,0,0,0,6,0,13,2
2205,0,0,0,14,0,23,16
2206,0,0,0,11,0,1,131
2207,0,0,0,3,0,5,145
2208,0,0,0,5,0,7,26
2209,0,0,0,4,0,12,150
2210,0,0,0,6,0,1,150
2211,0,0,0,4,0,8,136
2212,0,0,0,2,0,12,140
2213,0,0,0,10,0,19,196
2214,0,0,0,3,0,20,136
2215,0,0,0,5,0,7,136
2216,0,0,0,6,0,1,136
2217,0,0,0,8,0,21,136
2218,0,0,0,2,0,25,136
2219,1,0,0,30,1,24,248
2220,0,0,0,5,0,9,179
2221,0,0,0,4,0,22,168
2222,0,0,0,10,0,25,168
2223,0,0,0,25,0,3,13
2224,0,0,0,2,0,9,237
2225,0,0,0,15,0,18,70
2226,0,0,0,4,0,29,45
2227,0,0,0,5,0,7,170
2228,0,0,0,6,0,8,243
2229,0,0,0,3,0,14,98
2230,0,0,0,21,0,0,6
2231,0,0,0,2,0,14,71
2232,0,0,0,6,0,17,55
2233,0,0,0,5,0,26,171
2234,0,0,0,5,0,9,171
2235,0,0,0,6,0,2,192
2236,0,0,0,1,0,11,192
2237,0,0,0,1,0,26,192
2238,0,0,0,4,0,23,171
2239,0,0,0,7,0,0,99
2240,0,0,0,4,0,27,64
2241,0,0,0,5,0,16,64
2242,0,0,0,14,0,13,131
2243,0,0,0,2,0,2,27
2244,0,0,0,2,0,3,27
2245,0,0,0,2,0,5,143
2246,0,0,0,26,0,9,209
2247,0,0,0,10,0,20,158
2248,0,0,0,8,0,1,168
2249,0,0,0,16,0,19,67
2250,0,0,0,8,0,0,137
2251,0,0,0,10,0,24,192
2252,0,0,0,6,0,22,192
2253,0,0,0,5,0,20,192
2254,0,0,0,8,0,23,192
2255,0,0,0,36,0,18,110
2256,0,0,0,4,0,7,103
2257,0,0,0,23,0,26,209
2258,0,0,0,10,0,13,100
2259,0,0,0,11,0,13,26
2260,0,0,0,25,0,25,47
2261,0,0,0,7,0,24,67
2262,0,0,1,55,1,13,79
2263,0,0,0,9,0,18,85
2264,0,3,0,34,3,14,124
2265,0,0,0,5,0,18,158
2266,0,1,3,30,4,7,62
2267,0,0,0,7,0,15,157
2268,1,0,0,25,1,8,47
2269,0,0,0,3,0,10,112
2270,0,0,0,4,0,11,112
2271,0,0,0,15,0,21,68
2272,0,0,0,4,0,20,55
2273,0,0,0,3,0,9,125
2274,0,0,0,29,0,14,47
2275,0,0,0,28,0,23,47
2276,0,1,0,18,1,22,0
2277,1,0,2,44,3,13,0
2278,0,0,1,56,1,19,0
2279,0,0,0,34,0,7,47
2280,0,0,0,14,0,20,47
2281,0,0,0,6,0,1,39
2282,0,1,4,55,5,7,0
2283,0,0,4,37,4,12,0
2284,0,0,1,10,1,19,106
2285,0,0,0,4,0,12,133
2286,0,0,3,15,3,12,107
2287,0,0,0,84,0,21,0
2288,0,2,0,14,2,0,0
2289,0,1,1,38,2,1,0
2290,2,2,1,48,5,14,0
2291,0,0,0,47,0,25,0
2292,0,0,1,40,1,18,0
2293,0,0,0,10,0,17,0
2294,0,0,0,6,0,10,0
2295,0,0,0,7,0,3,0
2296,0,0,0,2,0,4,0
2297,0,0,0,7,0,28,178
2298,0,0,0,41,0,20,0
2299,0,0,1,21,1,3,62
2300,0,2,2,37,4,24,62
2301,0,0,1,11,1,21,219
2302,0,0,0,14,0,23,100
2303,0,0,0,7,0,20,100
2304,0,0,0,2,0,18,65
2305,1,0,1,41,2,8,219
2306,0,0,0,8,0,18,22
2307,0,0,0,11,0,0,22
2308,0,0,0,9,0,21,225
2309,0,0,0,3,0,5,0
2310,0,0,0,10,0,2,0
2311,0,1,0,31,1,3,46
2312,0,0,1,17,1,4,46
2313,0,0,0,4,0,28,0
2314,0,0,0,6,0,29,0
2315,0,0,0,47,0,18,47
2316,0,1,0,3,1,13,92
2317,0,0,0,3,0,3,55
2318,0,0,0,7,0,7,151
2319,0,0,0,4,0,10,240
2320,0,0,0,6,0,10,11
2321,0,0,0,3,0,22,47
2322,0,0,0,14,0,20,39
2323,0,0,0,3,0,18,25
2324,0,0,0,16,0,0,239
2325,0,1,0,28,1,17,115
2326,0,0,0,6,0,14,247
2327,0,0,0,8,0,24,29
2328,0,0,0,5,0,19,235
2329,0,0,0,12,0,20,247
2330,0,0,0,2,0,7,133
2331,0,0,0,4,0,14,133
2332,0,0,0,22,0,0,248
2333,0,0,0,4,0,12,123
2334,0,0,1,17,1,18,247
2335,0,0,0,17,0,20,133
2336,0,0,0,7,0,13,247
2337,0,0,0,18,0,18,248
2338,0,0,0,5,0,13,133
2339,0,0,0,11,0,18,150
2340,0,0,0,7,0,7,94
2341,0,0,0,2,0,1,25
2342,0,0,0,2,0,7,25
2343,0,0,0,2,0,14,25
2344,2,3,1,22,6,13,62
2345,2,1,2,20,5,8,62
2346,0,3,0,32,3,14,62
2347,0,0,0,5,0,28,62
2348,1,1,0,51,2,9,178
2349,0,0,0,13,0,16,178
2350,0,0,0,14,0,15,178
2351,0,1,0,7,1,8,247
2352,0,0,0,10,0,21,141
2353,0,0,0,7,0,1,247
2354,0,0,0,1,0,8,125
2355,0,0,0,6,0,13,39
2356,0,0,0,10,0,22,151
2357,0,0,0,11,0,23,9
2358,0,0,0,23,0,1,243
2359,0,0,0,31,0,24,243
2360,0,0,0,3,0,3,106
2361,0,0,0,4,0,5,122
2362,0,0,0,28,0,17,14
2363,1,0,2,48,3,7,219
2364,0,0,0,3,0,28,172
2365,0,0,0,16,0,7,196
2366,0,0,0,8,0,3,56
2367,0,0,0,17,0,0,141
2368,0,0,0,7,0,26,31
2369,0,0,0,11,0,23,19
2370,0,0,0,24,0,18,16
2371,0,1,0,17,1,8,16
2372,0,0,0,8,0,0,131
2373,0,0,0,7,0,13,237
2374,0,0,0,17,0,15,234
2375,0,0,0,5,0,7,100
2376,0,0,0,8,0,28,13
2377,0,0,0,1,0,7,33
2378,0,0,0,8,0,23,169
2379,0,0,0,7,0,27,13
2380,0,0,0,4,0,14,94
2381,0,1,0,5,1,3,157
2382,0,0,0,9,0,4,157
2383,0,0,0,4,0,19,199
2384,0,0,0,5,0,26,145
2385,0,0,0,7,0,14,2
2386,0,0,0,17,0,14,239
2387,0,0,0,2,0,1,85
2388,1,0,0,6,1,25,16
2389,0,0,0,7,0,21,92
2390,0,0,0,2,0,14,186
2391,0,0,0,5,0,12,186
2392,0,0,0,3,0,7,43
2393,0,0,0,5,0,11,110
2394,0,0,0,5,0,22,210
2395,0,0,0,5,0,0,190
2396,0,0,0,15,0,21,16
2397,0,0,0,7,0,7,127
2398,0,0,0,3,0,25,24
2399,0,0,0,7,0,22,248
2400,0,0,0,13,0,19,47
2401,0,0,0,4,0,8,127
2402,0,0,0,8,0,14,210
2403,0,0,0,8,0,1,210
2404,0,0,0,5,0,14,168
2405,0,0,0,9,0,11,28
2406,0,0,0,10,0,5,157
2407,0,0,0,6,0,13,136
2408,0,0,0,6,0,0,136
2409,0,0,0,7,0,17,21
2410,0,0,0,4,0,14,150
2411,0,0,0,8,0,1,248
2412,0,0,0,1,0,14,33
2413,0,0,0,3,0,4,192
2414,0,0,0,1,0,9,33
2415,0,0,0,8,0,13,145
2416,0,0,0,7,0,18,213
2417,0,0,0,2,0,12,38
2418,0,0,0,6,0,7,158
2419,0,0,0,22,0,8,19
2420,0,0,0,2,0,1,193
2421,0,0,0,2,0,14,193
2422,0,0,0,1,0,19,170
2423,0,0,0,3,0,12,98
2424,0,0,0,4,0,1,98
2425,0,0,0,4,0,14,213
2426,0,0,0,1,0,25,159
2427,0,0,0,2,0,19,159
2428,0,0,1,3,1,20,159
2429,0,0,0,11,0,2,157
2430,0,0,0,5,0,21,1
2431,0,2,0,7,2,0,152
2432,0,0,0,2,0,19,121
2433,0,0,0,7,0,2,146
2434,0,0,0,6,0,21,85
2435,0,0,0,5,0,11,220
2436,0,0,0,4,0,26,220
2437,0,0,0,6,0,9,220
2438,0,0,0,4,0,7,23
2439,0,0,0,5,0,12,144
2440,0,0,0,6,0,1,144
2441,0,0,0,7,0,18,127
2442,0,0,0,10,0,26,90
2443,0,0,0,5,0,12,23
2444,0,0,0,7,0,28,146
2445,0,0,0,4,0,0,27
2446,0,0,0,7,0,8,27
2447,0,0,0,8,0,7,27
2448,0,0,0,22,0,11,104
2449,0,0,0,5,0,22,24
2450,0,0,0,6,0,21,241
2451,0,0,0,4,0,12,27
2452,0,0,0,3,0,1,120
2453,0,0,0,13,0,0,16
2454,0,0,0,2,0,18,18
2455,0,0,0,12,0,21,243
2456,0,0,0,10,0,0,243
2457,1,0,0,6,1,16,155
2458,0,0,0,8,0,5,21
2459,0,0,0,7,0,11,21
2460,0,0,0,16,0,0,242
2461,0,0,0,11,0,14,26
2462,0,0,0,10,0,14,131
2463,0,0,0,8,0,24,95
2464,0,0,0,3,0,14,190
2465,0,0,0,6,0,29,10
2466,0,0,0,8,0,23,68
2467,0,0,0,4,0,20,68
2468,0,0,0,12,0,8,28
2469,0,0,0,2,0,12,25
2470,0,0,0,4,0,15,227
2471,0,0,0,4,0,16,227
2472,0,0,0,2,0,26,51
2473,0,0,0,5,0,19,107
2474,0,0,0,5,0,1,100
2475,0,0,0,3,0,14,153
2476,0,0,0,1,0,12,153
2477,0,0,0,2,0,1,153
2478,0,0,0,3,0,8,153
2479,0,0,0,3,0,2,106
2480,0,0,0,2,0,24,210
2481,0,0,0,5,0,1,154
2482,0,0,0,1,0,9,66
2483,0,0,0,9,0,8,196
2484,0,0,0,7,0,25,196
2485,0,0,0,1,0,18,97
2486,0,0,0,5,0,8,97
2487,0,0,0,2,0,18,140
2488,0,0,0,4,0,9,175
2489,0,0,0,1,0,25,99
2490,0,0,0,4,0,0,145
2491,0,0,0,4,0,8,145
2492,0,0,0,3,0,14,145
2493,0,0,0,5,0,12,145
2494,0,0,0,4,0,14,97
2495,0,0,0,9,0,21,168
2496,0,0,0,8,0,19,61
2497,0,1,0,29,1,4,20
2498,0,0,0,2,0,7,140
2499,0,0,0,10,0,7,70
2500,0,0,0,9,0,14,70
2501,0,0,0,8,0,11,90
2502,0,0,0,8,0,15,35
2503,0,0,0,3,0,10,220
2504,0,0,0,4,0,5,220
2505,0,0,0,6,0,13,167
2506,0,0,0,7,0,24,136
2507,0,0,0,5,0,18,136
2508,0,0,0,5,0,0,12
2509,0,0,0,3,0,8,12
2510,0,0,0,5,0,14,182
2511,0,0,0,4,0,12,182
2512,0,0,0,6,0,0,29
2513,0,0,0,2,0,9,114
2514,0,0,0,3,0,14,52
2515,0,0,0,3,0,18,44
2516,0,0,0,3,0,14,74
2517,0,0,0,4,0,12,74
2518,0,0,0,10,0,0,74
2519,0,0,0,11,0,18,74
2520,0,0,0,12,0,21,74
2521,0,0,0,2,0,7,38
2522,0,0,0,4,0,7,218
2523,0,0,0,14,0,21,199
2524,0,0,0,3,0,23,5
2525,0,0,0,4,0,17,146
2526,0,0,0,5,0,10,110
2527,0,0,0,9,0,5,110
2528,0,0,0,3,0,21,25
2529,0,0,0,8,0,6,146
2530,0,0,0,13,0,22,1
2531,0,0,0,6,0,8,99
2532,0,0,0,7,0,8,131
2533,0,0,1,18,1,4,203
2534,1,1,0,22,2,13,243
2535,0,1,0,17,1,12,243
2536,0,0,0,10,0,14,243
2537,0,1,1,12,2,19,231
2538,0,0,0,7,0,8,85
2539,0,0,0,1,0,2,64
2540,0,0,0,13,0,3,130
2541,0,0,0,13,0,4,130
2542,0,0,0,14,0,11,130
2543,1,1,0,17,2,5,56
2544,0,0,0,2,0,5,218
2545,0,0,0,3,0,11,218
2546,0,0,0,4,0,26,218
2547,0,0,0,8,0,23,45
2548,0,0,0,8,0,13,24
2549,0,0,0,2,0,11,64
2550,0,0,0,12,0,18,239
2551,0,0,0,2,0,13,66
2552,0,0,0,9,0,14,237
2553,0,0,0,7,0,21,182
2554,0,0,0,3,0,15,206
2555,0,0,0,11,0,22,105
2556,0,0,0,27,0,26,73
2557,0,0,1,24,1,27,79
2558,0,0,0,4,0,1,128
2559,0,0,0,2,0,1,140
2560,0,0,0,7,0,0,212
2561,0,0,0,4,0,20,217
2562,0,0,0,3,0,17,69
2563,0,0,0,2,0,25,53
2564,0,0,0,10,0,9,64
2565,0,0,0,5,0,12,167
2566,0,0,0,9,0,17,104
2567,0,0,0,7,0,2,104
2568,0,0,0,2,0,1,71
2569,0,0,0,1,0,13,71
2570,0,0,0,11,0,27,178
2571,0,0,0,6,0,3,192
2572,0,0,0,2,0,11,146
2573,0,0,0,2,0,26,146
2574,0,0,0,28,0,9,73
2575,0,0,0,3,0,12,230
2576,0,0,0,7,0,2,5
2577,0,0,0,7,0,3,5
2578,0,0,0,8,0,4,5
2579,0,0,0,6,0,10,5
2580,0,0,0,17,0,25,90
2581,0,0,0,13,0,25,45
2582,0,0,0,4,0,28,157
2583,0,0,0,6,0,27,10
2584,0,0,0,4,0,1,4
2585,0,0,0,6,0,21,4
2586,0,0,0,4,0,23,125
2587,0,0,0,7,0,0,150
2588,0,0,0,7,0,21,224
2589,1,1,1,15,3,8,108
2590,0,0,0,2,0,1,205
2591,0,0,0,10,0,21,12
2592,0,0,0,6,0,21,44
2593,0,0,0,3,0,18,100
2594,0,0,0,10,0,7,28
2595,0,0,0,11,0,14,28
2596,0,0,0,8,0,1,28
2597,0,0,0,4,0,15,129
2598,0,0,0,4,0,23,27
2599,0,0,0,5,0,0,92
2600,0,0,0,5,0,24,157
2601,0,0,0,12,0,17,209
2602,0,0,0,7,0,5,209
2603,0,0,0,9,0,6,209
2604,1,0,0,5,1,28,209
2605,0,0,0,4,0,29,209
2606,0,0,0,4,0,17,45
2607,0,0,0,7,0,13,224
2608,0,0,0,8,0,0,241
2609,0,0,0,3,0,13,204
2610,0,0,0,7,0,19,131
2611,0,0,0,4,0,14,167
2612,0,0,0,4,0,12,22
2613,0,0,0,2,0,23,103
2614,0,0,0,4,0,6,5
2615,0,0,0,3,0,1,224
2616,0,0,0,6,0,12,42
2617,0,0,0,5,0,1,42
2618,0,0,0,1,0,4,59
2619,0,0,0,3,0,19,192
2620,0,0,0,2,0,17,33
2621,0,0,0,3,0,3,74
2622,0,0,0,4,0,5,15
2623,0,0,0,2,0,11,15
2624,0,0,0,8,0,14,42
2625,0,2,0,7,2,6,129
2626,0,0,0,9,0,17,129
2627,0,0,0,3,0,5,125
2628,0,0,0,3,0,14,38
2629,0,0,0,2,0,1,66
2630,0,0,0,6,0,14,37
2631,0,0,0,2,0,7,85
2632,0,1,0,8,1,13,37
2633,0,0,0,5,0,9,11
2634,0,0,0,5,0,8,22
2635,0,0,0,8,0,26,197
2636,0,0,0,4,0,16,209
2637,0,0,0,8,0,21,29
2638,0,0,0,2,0,24,5
2639,0,0,0,2,0,18,5
2640,1,0,0,5,1,8,37
2641,0,0,0,5,0,8,191
2642,0,0,0,11,0,10,56
2643,0,0,0,5,0,16,129
2644,0,0,0,12,0,26,10
2645,0,0,0,5,0,9,240
2646,0,0,0,4,0,15,125
2647,0,0,0,2,0,7,129
2648,0,0,0,1,0,14,129
2649,0,0,0,2,0,12,129
2650,0,0,0,16,0,7,152
2651,0,0,0,2,0,14,187
2652,0,0,0,5,0,1,235
2653,0,0,0,2,0,8,1
2654,0,0,0,4,0,4,179
2655,0,0,0,5,0,26,240
2656,0,0,0,1,0,5,192
2657,0,0,0,3,0,2,131
2658,0,2,0,3,2,3,131
2659,0,0,0,5,0,4,131
2660,0,0,0,5,0,7,182
2661,0,0,0,5,0,25,105
2662,0,0,0,15,0,19,105
2663,0,0,0,3,0,14,27
2664,0,0,0,2,0,7,193
2665,0,0,0,6,0,3,196
2666,0,0,0,1,0,9,221
2667,0,0,0,3,0,21,5
2668,0,0,0,6,0,17,157
2669,0,0,0,1,0,19,137
2670,0,0,0,4,0,10,45
2671,0,0,0,5,0,23,26
2672,0,0,0,3,0,20,170
2673,0,0,0,2,0,17,196
2674,0,0,0,1,0,4,196
2675,0,0,0,4,0,1,192
2676,0,0,0,6,0,20,210
2677,0,0,0,8,0,18,154
2678,0,0,0,5,0,25,154
2679,0,0,0,14,0,13,105
2680,0,0,0,15,0,26,5
2681,0,0,0,10,0,9,5
2682,0,0,0,8,0,26,21
2683,0,0,0,3,0,14,72
2684,0,0,0,6,0,12,125
2685,0,0,0,7,0,18,224
2686,0,0,0,3,0,12,204
2687,0,0,0,5,0,9,129
2688,0,0,0,7,0,1,237
2689,0,0,0,3,0,1,74
2690,1,1,3,19,5,20,62
2691,0,0,0,9,0,17,62
2692,0,0,0,11,0,2,62
2693,0,0,0,5,0,11,62
2694,0,0,0,8,0,10,62
2695,0,0,0,3,0,11,47
2696,0,0,0,3,0,26,47
2697,0,3,1,18,4,28,79
2698,0,0,0,11,0,23,107
2699,0,2,3,16,5,17,79
2700,0,0,0,3,0,14,54
2701,0,0,0,2,0,12,33
2702,0,0,0,4,0,13,33
2703,0,0,0,3,0,2,114
2704,0,0,0,3,0,3,114
2705,0,0,0,3,0,10,114
2706,0,0,0,2,0,4,225
2707,0,0,0,2,0,10,225
2708,0,0,0,4,0,1,129
2709,0,0,0,3,0,13,129
2710,0,0,0,6,0,7,37
2711,0,0,0,5,0,14,224
2712,0,1,0,4,1,8,224
2713,0,0,0,3,0,10,206
2714,0,0,0,4,0,5,206
2715,0,0,0,4,0,12,54
2716,0,0,0,19,0,3,73
2717,0,0,0,4,0,12,39
2718,0,0,0,4,0,7,39
2719,0,0,0,4,0,14,39
2720,0,0,0,5,0,8,39
2721,0,0,0,6,0,6,125
2722,0,0,0,4,0,1,12
2723,0,0,0,5,0,7,187
2724,0,0,0,5,0,8,235
2725,0,0,0,4,0,0,36
2726,0,0,0,2,0,7,204
2727,0,0,0,5,0,13,235
2728,0,0,0,6,0,2,105
2729,0,0,0,3,0,0,33
2730,0,0,0,4,0,19,151
2731,0,0,0,6,0,24,126
2732,0,0,0,1,0,11,242
2733,0,0,0,8,0,0,100
2734,0,0,0,15,0,6,178
2735,0,0,0,1,0,10,239
2736,0,0,0,5,0,20,127
2737,0,0,0,3,0,8,151
2738,0,0,0,8,0,13,151
2739,0,0,0,3,0,7,92
2740,0,0,0,2,0,12,66
2741,0,0,0,4,0,12,135
2742,0,0,0,6,0,0,70
2743,0,0,0,14,0,14,220
2744,0,0,0,2,0,12,205
2745,0,0,0,2,0,25,44
2746,0,0,0,4,0,19,44
2747,0,0,0,3,0,0,159
2748,0,0,0,5,0,13,94
2749,0,0,0,1,0,25,26
2750,0,0,0,3,0,1,123
2751,0,0,0,2,0,9,106
2752,0,0,0,4,0,8,182
2753,0,0,0,4,0,13,135
2754,0,0,0,5,0,7,191
2755,0,0,0,3,0,12,85
2756,0,0,0,4,0,8,241
2757,0,0,0,4,0,13,199
2758,0,0,0,6,0,0,85
2759,0,0,0,3,0,13,22
2760,0,0,0,9,0,12,210
2761,0,0,0,4,0,24,117
2762,0,0,0,13,0,2,46
2763,0,0,0,7,0,6,105
2764,0,0,0,8,0,29,105
2765,0,0,0,5,0,22,127
2766,0,0,0,2,0,25,127
2767,0,0,0,2,0,7,22
2768,0,0,1,2,1,8,150
2769,0,0,0,2,0,14,66
2770,0,0,0,5,0,0,25
2771,0,0,0,2,0,8,25
2772,0,0,0,4,0,13,4
2773,0,0,0,5,0,8,36
2774,0,0,0,7,0,21,36
2775,0,0,0,2,0,5,108
2776,0,0,0,4,0,29,108
2777,0,0,0,5,0,26,108
2778,0,0,0,6,0,19,247
2779,0,0,0,3,0,7,63
2780,0,0,0,2,0,14,140
2781,0,0,0,4,0,13,63
2782,0,0,0,2,0,14,241
2783,0,0,0,3,0,12,241
2784,0,0,0,3,0,7,241
2785,0,0,0,6,0,29,90
2786,0,0,0,8,0,1,169
2787,0,0,0,1,0,9,166
2788,0,0,0,8,0,26,28
2789,0,0,0,12,0,9,28
2790,0,0,0,2,0,13,25
2791,0,0,0,3,0,19,210
2792,0,0,0,3,0,16,90
2793,0,0,0,2,0,12,120
2794,0,0,0,3,0,13,120
2795,0,0,0,8,0,21,54
2796,0,0,0,4,0,1,63
2797,0,0,0,6,0,7,126
2798,0,0,0,5,0,12,63
2799,0,0,0,9,0,0,40
2800,0,0,0,2,0,14,204
2801,0,0,0,1,0,26,114
2802,0,0,0,1,0,10,106
2803,0,0,0,1,0,5,106
2804,0,0,0,3,0,26,106
2805,0,0,0,3,0,7,123
2806,0,0,0,2,0,28,125
2807,0,0,0,6,0,26,11
2808,0,0,0,2,0,5,154
2809,0,0,0,1,0,19,128
2810,0,0,0,7,0,0,123
2811,0,0,0,5,0,21,126
2812,0,0,0,2,0,20,154
2813,0,0,0,1,0,26,3
2814,0,0,0,3,0,21,151
2815,0,0,0,5,0,0,151
2816,0,0,0,2,0,5,59
2817,0,0,0,2,0,11,59
2818,0,0,0,2,0,4,4
2819,0,0,0,3,0,8,159
2820,0,0,0,3,0,6,55
2821,0,0,0,5,0,2,55
2822,0,0,0,2,0,5,55
2823,0,0,0,1,0,11,55
2824,0,0,0,2,0,23,42
2825,0,0,0,3,0,26,62
2826,0,0,0,6,0,8,126
2827,0,0,0,5,0,1,36
2828,0,0,0,5,0,13,36
2829,0,0,0,5,0,0,224
2830,0,0,0,2,0,23,40
2831,0,0,0,6,0,13,213
2832,0,0,0,4,0,20,2
2833,0,0,0,3,0,7,224
2834,0,0,0,2,0,26,206
2835,0,0,0,3,0,13,127
2836,0,0,0,4,0,1,204
2837,0,0,0,9,0,19,3
2838,0,0,0,5,0,13,158
2839,0,0,0,1,0,22,100
2840,0,0,0,2,0,17,145
2841,0,0,0,3,0,14,4
2842,0,0,0,4,0,9,149
2843,0,0,0,4,0,6,21
2844,0,0,0,3,0,1,230
2845,0,0,0,1,0,18,151
2846,0,0,0,7,0,25,3
2847,0,0,0,4,0,28,10
2848,0,0,0,4,0,12,126
2849,0,0,0,3,0,14,126
2850,0,0,0,9,0,29,178
2851,0,0,0,4,0,1,126
2852,0,0,0,8,0,13,126
2853,0,0,0,7,0,12,151
2854,0,0,0,1,0,19,78
2855,0,0,0,3,0,1,34
2856,0,0,0,6,0,2,45
2857,0,0,0,5,0,3,45
2858,0,0,0,4,0,4,45
2859,0,0,0,4,0,17,5
2860,0,0,0,3,0,12,224
2861,0,0,0,3,0,1,38
2862,0,0,0,9,0,0,231
2863,0,0,0,1,0,9,47
2864,0,0,0,5,0,7,2
2865,0,1,0,6,1,7,243
2866,0,0,0,1,0,11,0
2867,0,0,0,1,0,26,0
2868,0,0,0,4,0,20,74
2869,0,0,0,2,0,3,110
2870,0,0,0,4,0,13,241
2871,0,0,0,3,0,2,125
2872,0,0,0,5,0,8,74
2873,0,0,0,5,0,5,240
2874,0,0,0,1,0,23,154
2875,0,0,0,1,0,9,170
2876,0,0,0,2,0,10,175
2877,0,0,0,3,0,1,22
2878,0,0,0,1,0,9,172
2879,0,0,0,6,0,13,12
2880,0,0,0,2,0,13,74
2881,0,0,0,1,0,11,131
2882,0,0,0,1,0,19,43
2883,0,0,0,1,0,20,84
2884,0,0,0,3,0,12,71
2885,0,0,0,4,0,7,42
2886,0,0,0,2,0,9,2
2887,0,0,0,4,0,4,175
2888,0,0,0,2,0,5,40
2889,0,0,0,3,0,24,176
2890,0,0,0,3,0,4,206
2891,0,0,0,2,0,9,192
2892,0,0,0,5,0,7,144
2893,0,0,0,3,0,11,108
2894,0,0,0,4,0,7,4
2895,0,0,0,4,0,18,84
2896,0,0,0,3,0,22,78
2897,0,0,0,2,0,13,205
2898,0,0,0,8,0,0,126
2899,0,0,0,4,0,18,126
2900,0,0,0,1,0,19,213
2901,0,0,0,5,0,23,78
2902,0,0,0,2,0,20,126
2903,0,0,0,2,0,8,133
2904,0,0,0,9,0,0,182
2905,0,0,0,1,0,4,31
2906,0,0,0,4,0,0,133
2907,0,0,0,1,0,26,24
2908,0,0,0,1,0,9,24
2909,0,0,0,3,0,14,120
2910,0,0,0,3,0,7,44
2911,0,0,0,1,0,14,44
2912,0,0,0,2,0,5,219
2913,0,0,0,1,0,11,219
2914,0,0,0,9,0,7,78
2915,0,0,0,2,0,14,151
2916,0,0,0,2,0,1,221
2917,0,0,0,2,0,12,44
2918,0,0,0,2,0,1,44
2919,0,0,0,7,0,12,220
2920,0,0,0,4,0,12,213
2921,0,0,0,5,0,1,213
2922,0,0,0,6,0,12,36
2923,0,0,0,3,0,12,37
2924,0,0,0,3,0,14,85
2925,0,0,0,2,0,25,40
2926,0,0,0,1,0,26,88
2927,0,0,0,11,0,26,130
2928,0,0,0,2,0,0,54
2929,0,0,0,3,0,8,54
2930,0,0,0,1,0,2,172
2931,0,0,0,5,0,14,36
2932,0,0,0,4,0,7,36
2933,0,0,0,3,0,3,103
2934,0,0,0,7,0,28,35
2935,0,0,0,2,0,9,59
2936,0,0,0,4,0,26,59
2937,0,0,0,1,0,9,242
2938,0,0,0,1,0,2,21
2939,0,0,0,7,0,4,56
2940,0,0,0,1,0,3,24
2941,0,0,0,1,0,4,24
2942,0,0,0,2,0,9,137
2943,0,0,0,2,0,7,153
2944,0,0,0,4,0,13,192
2945,0,0,0,1,0,9,131
2946,0,0,0,2,0,20,22
2947,0,0,0,4,0,23,22
2948,0,0,0,1,0,9,218
2949,0,0,0,4,0,25,132
2950,0,0,0,15,0,0,132
2951,0,0,0,1,0,29,125
2952,0,0,0,10,0,8,132
2953,0,0,0,6,0,19,132
2954,0,0,0,2,0,11,132
2955,0,0,0,3,0,29,104
2956,0,2,0,0,2,6,104
2957,0,0,0,4,0,5,47
2958,0,0,0,3,0,26,112
2959,0,0,0,3,0,26,122
2960,0,0,0,1,0,2,78
2961,0,0,0,1,0,4,78
2962,0,0,0,2,0,0,154
2963,0,0,0,2,0,12,12
2964,0,0,0,2,0,4,122
2965,0,0,0,3,0,21,123
2966,0,0,0,2,0,24,151
2967,0,0,0,1,0,10,131
2968,0,0,0,3,0,11,196
2969,0,0,0,2,0,26,196
2970,0,0,0,2,0,1,199
2971,0,0,0,1,0,10,108
2972,0,0,0,1,0,11,154
2973,0,0,0,1,0,26,154
2974,0,0,0,1,0,9,154
2975,0,0,0,1,0,4,112
2976,0,0,0,1,0,11,175
2977,0,0,0,1,0,26,175
2978,0,0,0,3,0,1,133
2979,0,0,0,1,0,10,24
2980,0,0,0,1,0,5,24
2981,0,0,0,1,0,11,24
2982,0,0,0,4,0,20,78
2983,0,0,0,2,0,9,248
2984,0,0,0,3,0,15,64
2985,0,0,0,3,0,4,114
2986,0,0,0,3,0,9,219
2987,0,0,0,2,0,7,54
2988,0,0,0,1,0,11,75
2989,0,0,0,1,0,26,75
2990,0,0,0,2,0,3,172
2991,0,0,0,2,0,14,127
2992,0,0,0,2,0,5,78
2993,0,0,0,2,0,9,122
2994,0,0,0,1,0,13,230
2995,0,0,0,3,0,11,2
2996,0,0,0,2,0,26,2
2997,0,0,0,1,0,25,67
2998,0,0,0,1,0,26,42
2999,0,0,0,2,0,9,42
3000,0,0,0,2,0,10,122
3001,0,0,0,1,0,17,176
3002,0,0,0,1,0,10,59
3003,0,0,1,2,1,10,21
3004,0,0,0,3,0,17,143
3005,0,0,0,1,0,4,143
3006,0,0,0,2,0,26,143
3007,0,0,0,1,0,9,143
3008,0,0,0,1,0,12,221
3009,0,0,0,1,0,4,227